-- ══════════════════════════════════════════════════════════════
--  TrendSphere — Seed Data
--  500 products + 23 users + 50 orders + 500 behavior events
--  Source: ecommerce_part1_of_10.csv
--  Run AFTER schema.sql
-- ══════════════════════════════════════════════════════════════

BEGIN;

-- ─────────────────────────────────────────────
-- Users (1 admin + 10 sellers + 12 customers)
-- ─────────────────────────────────────────────
INSERT INTO users (id,email,name,password_hash,role,city,phone) VALUES
(1,'admin@trendsphere.com','Admin User','pbkdf2:sha256:600000$2JZgUDt2zfJwzFiw$8241766e0ca97e433c7f3c85cf8c94ba9bf1f5242882eaa9a1e3d530199d576c','admin','Pune','9000000001'),
(2,'seller1@trendsphere.com','Seller 1','pbkdf2:sha256:600000$qNqI8AuAFVaCdCg2$561cef6f2b16217f1ffde401873e1826907494f1232adf129c416bcc9a3572bc','seller','Delhi','9000000002'),
(3,'seller2@trendsphere.com','Seller 2','pbkdf2:sha256:600000$qNqI8AuAFVaCdCg2$561cef6f2b16217f1ffde401873e1826907494f1232adf129c416bcc9a3572bc','seller','Bangalore','9000000003'),
(4,'seller3@trendsphere.com','Seller 3','pbkdf2:sha256:600000$qNqI8AuAFVaCdCg2$561cef6f2b16217f1ffde401873e1826907494f1232adf129c416bcc9a3572bc','seller','Pune','9000000004'),
(5,'seller4@trendsphere.com','Seller 4','pbkdf2:sha256:600000$qNqI8AuAFVaCdCg2$561cef6f2b16217f1ffde401873e1826907494f1232adf129c416bcc9a3572bc','seller','Chennai','9000000005'),
(6,'seller5@trendsphere.com','Seller 5','pbkdf2:sha256:600000$qNqI8AuAFVaCdCg2$561cef6f2b16217f1ffde401873e1826907494f1232adf129c416bcc9a3572bc','seller','Hyderabad','9000000006'),
(7,'seller6@trendsphere.com','Seller 6','pbkdf2:sha256:600000$qNqI8AuAFVaCdCg2$561cef6f2b16217f1ffde401873e1826907494f1232adf129c416bcc9a3572bc','seller','Kolkata','9000000007'),
(8,'seller7@trendsphere.com','Seller 7','pbkdf2:sha256:600000$qNqI8AuAFVaCdCg2$561cef6f2b16217f1ffde401873e1826907494f1232adf129c416bcc9a3572bc','seller','Ahmedabad','9000000008'),
(9,'seller8@trendsphere.com','Seller 8','pbkdf2:sha256:600000$qNqI8AuAFVaCdCg2$561cef6f2b16217f1ffde401873e1826907494f1232adf129c416bcc9a3572bc','seller','Jaipur','9000000009'),
(10,'seller9@trendsphere.com','Seller 9','pbkdf2:sha256:600000$qNqI8AuAFVaCdCg2$561cef6f2b16217f1ffde401873e1826907494f1232adf129c416bcc9a3572bc','seller','Surat','9000000010'),
(11,'seller10@trendsphere.com','Seller 10','pbkdf2:sha256:600000$qNqI8AuAFVaCdCg2$561cef6f2b16217f1ffde401873e1826907494f1232adf129c416bcc9a3572bc','seller','Mumbai','9000000011'),
(12,'priya.patel@demo.com','Priya Patel','pbkdf2:sha256:600000$DzqHPhtLwa8Ec2VV$1a27e0d70fec4e226a20442e01f6154f857a68fe936383c154adcc10bbcf59d3','customer','Bangalore','9800000012'),
(13,'arjun.singh@demo.com','Arjun Singh','pbkdf2:sha256:600000$DzqHPhtLwa8Ec2VV$1a27e0d70fec4e226a20442e01f6154f857a68fe936383c154adcc10bbcf59d3','customer','Pune','9800000013'),
(14,'neha.sharma@demo.com','Neha Sharma','pbkdf2:sha256:600000$DzqHPhtLwa8Ec2VV$1a27e0d70fec4e226a20442e01f6154f857a68fe936383c154adcc10bbcf59d3','customer','Chennai','9800000014'),
(15,'rahul.gupta@demo.com','Rahul Gupta','pbkdf2:sha256:600000$DzqHPhtLwa8Ec2VV$1a27e0d70fec4e226a20442e01f6154f857a68fe936383c154adcc10bbcf59d3','customer','Hyderabad','9800000015'),
(16,'anita.verma@demo.com','Anita Verma','pbkdf2:sha256:600000$DzqHPhtLwa8Ec2VV$1a27e0d70fec4e226a20442e01f6154f857a68fe936383c154adcc10bbcf59d3','customer','Kolkata','9800000016'),
(17,'suresh.nair@demo.com','Suresh Nair','pbkdf2:sha256:600000$DzqHPhtLwa8Ec2VV$1a27e0d70fec4e226a20442e01f6154f857a68fe936383c154adcc10bbcf59d3','customer','Ahmedabad','9800000017'),
(18,'kavita.joshi@demo.com','Kavita Joshi','pbkdf2:sha256:600000$DzqHPhtLwa8Ec2VV$1a27e0d70fec4e226a20442e01f6154f857a68fe936383c154adcc10bbcf59d3','customer','Jaipur','9800000018'),
(19,'amit.kumar@demo.com','Amit Kumar','pbkdf2:sha256:600000$DzqHPhtLwa8Ec2VV$1a27e0d70fec4e226a20442e01f6154f857a68fe936383c154adcc10bbcf59d3','customer','Surat','9800000019'),
(20,'divya.reddy@demo.com','Divya Reddy','pbkdf2:sha256:600000$DzqHPhtLwa8Ec2VV$1a27e0d70fec4e226a20442e01f6154f857a68fe936383c154adcc10bbcf59d3','customer','Mumbai','9800000020'),
(21,'ravi.chandran@demo.com','Ravi Chandran','pbkdf2:sha256:600000$DzqHPhtLwa8Ec2VV$1a27e0d70fec4e226a20442e01f6154f857a68fe936383c154adcc10bbcf59d3','customer','Delhi','9800000021'),
(22,'meera.iyer@demo.com','Meera Iyer','pbkdf2:sha256:600000$DzqHPhtLwa8Ec2VV$1a27e0d70fec4e226a20442e01f6154f857a68fe936383c154adcc10bbcf59d3','customer','Bangalore','9800000022'),
(23,'vijay.shah@demo.com','Vijay Shah','pbkdf2:sha256:600000$DzqHPhtLwa8Ec2VV$1a27e0d70fec4e226a20442e01f6154f857a68fe936383c154adcc10bbcf59d3','customer','Pune','9800000023');
SELECT setval('users_id_seq',(SELECT MAX(id) FROM users));

-- Sellers
INSERT INTO sellers (id,user_id,shop_name,description,is_verified) VALUES
(1,2,'TechZone','Verified seller on TrendSphere',TRUE),
(2,3,'MobiWorld','Verified seller on TrendSphere',TRUE),
(3,4,'AudioPro','Verified seller on TrendSphere',TRUE),
(4,5,'FashionHub','Verified seller on TrendSphere',TRUE),
(5,6,'HomeAppliances','Verified seller on TrendSphere',TRUE),
(6,7,'BookStore','Verified seller on TrendSphere',TRUE),
(7,8,'SportsHub','Verified seller on TrendSphere',TRUE),
(8,9,'HealthBazaar','Verified seller on TrendSphere',TRUE),
(9,10,'ToyLand','Verified seller on TrendSphere',TRUE),
(10,11,'AutoZone','Verified seller on TrendSphere',TRUE);
SELECT setval('sellers_id_seq',(SELECT MAX(id) FROM sellers));

-- ─────────────────────────────────────────────
-- Products (500 rows from CSV)
-- ─────────────────────────────────────────────
INSERT INTO products (id,product_code,name,brand,category_id,seller_id,price,was_price,emoji,badge,stock,avg_rating,review_count) VALUES
(1,'PROD002002','Cosco Cycle 3787','Cosco',5,2,7092.95,9177.69,'⚽','',7,4.4,6784),
(2,'PROD003191','Puma Cycle 6466','Puma',5,3,7282.7,8046.48,'⚽','',54,4.1,28436),
(3,'PROD000305','Biotique Lipstick 9789','Biotique',4,4,214.71,265.7,'💄','',132,4.2,16486),
(4,'PROD005381','Lakme Lipstick 8019','Lakme',4,5,2854.37,3298.64,'💄','top',43,3.6,32055),
(5,'PROD004545','Puma Cricket Bat 2113','Puma',5,6,760.77,963.62,'⚽','',102,3.5,39887),
(6,'PROD001908','Himalaya Shampoo 6145','Himalaya',4,7,178.62,219.46,'💄','',147,4.0,45254),
(7,'PROD006701','Biotique Face Wash 7249','Biotique',4,8,1841.27,2115.12,'💄','',94,4.9,8642),
(8,'PROD001292','Reebok Football 6002','Reebok',5,9,8446.64,10521.45,'⚽','new',135,4.2,42487),
(9,'PROD003133','Bajaj Kettle 1079','Bajaj',3,10,7195.71,8591.35,'🏠','new',47,4.2,24654),
(10,'PROD007069','Patanjali Biscuits 2614','Patanjali',9,1,1105.41,1199.98,'🛒','top',196,3.7,6680),
(11,'PROD003896','Bosch Dash Cam 7521','Bosch',10,2,2212.0,2379.53,'🚗','top',78,4.8,44383),
(12,'PROD001233','Scholastic Comic 9421','Scholastic',6,3,12395.67,14134.14,'📚','hot',92,4.8,33537),
(13,'PROD002038','Patanjali Protein Powder 9108','Patanjali',8,4,801.15,970.24,'💊','hot',77,4.6,16120),
(14,'PROD007889','Prestige Air Fryer 8401','Prestige',3,5,9634.72,11329.71,'🏠','',41,4.8,24873),
(15,'PROD007407','Patanjali Coffee 2381','Patanjali',9,6,527.06,553.8,'🛒','new',69,4.7,41165),
(16,'PROD003792','Morphy Richards Toaster 2044','Morphy Richards',3,7,19358.16,21777.25,'🏠','',132,3.6,12676),
(17,'PROD004886','HUL Biscuits 8129','HUL',9,8,1305.48,1488.87,'🛒','top',124,4.1,32918),
(18,'PROD004336','Michelin Dash Cam 9024','Michelin',10,9,8522.06,10632.36,'🚗','',180,4.5,10234),
(19,'PROD009106','IFB Mixer 6077','IFB',3,10,1281.05,1451.23,'🏠','new',164,5.0,8479),
(20,'PROD007110','Hot Wheels Board Game 6322','Hot Wheels',7,1,10228.83,13144.41,'🧸','',200,4.2,33865),
(21,'PROD009658','Lakme Serum 484','Lakme',4,2,340.73,407.73,'💄','new',157,4.7,30456),
(22,'PROD004542','Havoline Tyre Inflator 7177','Havoline',10,3,9085.75,10836.06,'🚗','',134,5.0,5396),
(23,'PROD009190','Levi''s Jacket 9122','Levi''s',2,4,6933.17,8345.73,'👕','new',138,3.7,34980),
(24,'PROD007986','Bajaj Kettle 1844','Bajaj',3,5,10674.86,13190.96,'🏠','',86,3.9,33397),
(25,'PROD004081','Havoline Car Perfume 2038','Havoline',10,6,9554.07,10563.11,'🚗','hot',142,4.7,22645),
(26,'PROD005094','Cosco Football 4556','Cosco',5,7,8450.88,9349.49,'⚽','hot',143,3.7,25005),
(27,'PROD002620','LG Headphone 1596','LG',1,8,139501.52,166140.66,'📱','top',47,4.4,14263),
(28,'PROD008799','IFB Kettle 7216','IFB',3,9,18286.06,21706.58,'🏠','',72,3.7,2729),
(29,'PROD009113','Bosch Car Perfume 8383','Bosch',10,10,12413.53,15527.55,'🚗','top',97,3.8,25395),
(30,'PROD005189','Meguiar''s Car Polish 5517','Meguiar''s',10,1,18575.9,23597.89,'🚗','top',140,4.6,2159),
(31,'PROD006789','Patanjali Milk 7344','Patanjali',9,2,2627.44,3098.94,'🛒','',160,4.6,464),
(32,'PROD009438','HUL Milk 5721','HUL',9,3,1840.78,2341.24,'🛒','top',172,4.1,35779),
(33,'PROD004831','Westland Comic 2427','Westland',6,4,1969.97,2184.6,'📚','',74,3.7,16184),
(34,'PROD005403','Nivea Moisturizer 2104','Nivea',4,5,1067.86,1236.87,'💄','',133,4.2,602),
(35,'PROD007408','3M Car Polish 3065','3M',10,6,15790.38,18369.25,'🚗','hot',24,4.2,5604),
(36,'PROD009323','Oxford Self-Help Book 610','Oxford',6,7,8903.5,11221.22,'📚','',136,3.6,22885),
(37,'PROD003594','IFB Blender 8266','IFB',3,8,17631.99,20163.53,'🏠','',162,3.8,12521),
(38,'PROD004463','Puma Dress 7234','Puma',2,9,5570.37,5989.7,'👕','',26,4.2,8592),
(39,'PROD008276','HP Camera 5338','HP',1,10,1390.69,1616.03,'📱','',160,4.5,24206),
(40,'PROD006183','Hot Wheels Board Game 2589','Hot Wheels',7,1,13801.88,16827.36,'🧸','',172,4.5,355),
(41,'PROD001020','Dabur Juice 4601','Dabur',9,2,1496.88,1751.65,'🛒','new',35,3.9,44847),
(42,'PROD003837','HarperCollins Biography 9247','HarperCollins',6,3,18925.92,23601.71,'📚','',26,4.2,15420),
(43,'PROD001476','IFB Pressure Cooker 3187','IFB',3,4,15942.11,20722.56,'🏠','',57,4.2,12355),
(44,'PROD008586','Dr. Vaidya Vitamin C 7435','Dr. Vaidya',8,5,2130.65,2370.84,'💊','',88,4.5,45051),
(45,'PROD003849','Zara Dress 9556','Zara',2,6,1923.56,2215.83,'👕','hot',141,4.5,7329),
(46,'PROD006612','Michelin Dash Cam 3235','Michelin',10,7,14537.9,17117.0,'🚗','',101,4.1,18873),
(47,'PROD001168','Castrol Car Polish 4321','Castrol',10,8,17596.81,20175.81,'🚗','',171,3.8,26601),
(48,'PROD007846','Penguin Comic 1730','Penguin',6,9,712.01,897.3,'📚','new',155,4.9,26434),
(49,'PROD006219','Westland Textbook 2165','Westland',6,10,13217.66,15188.61,'📚','',187,4.1,8972),
(50,'PROD002696','Amul Biscuits 7009','Amul',9,1,578.58,735.43,'🛒','',148,3.8,25864),
(51,'PROD007399','Abbott Vitamin C 3612','Abbott',8,2,395.7,459.74,'💊','',96,3.8,13511),
(52,'PROD000351','Penguin Self-Help Book 4050','Penguin',6,3,14711.23,17767.21,'📚','new',116,4.1,29885),
(53,'PROD008958','HP Smartwatch 1008','HP',1,4,130792.16,148494.76,'📱','',48,3.9,30457),
(54,'PROD000322','Nestle Milk 2353','Nestle',9,5,506.09,584.63,'🛒','',106,4.8,49882),
(55,'PROD009237','LG Tablet 221','LG',1,6,134023.35,155558.36,'📱','',27,4.1,17149),
(56,'PROD003530','Nestle Noodles 9314','Nestle',9,7,97.47,122.45,'🛒','top',115,4.4,10664),
(57,'PROD007790','HarperCollins Comic 5081','HarperCollins',6,8,11933.44,15407.62,'📚','',150,3.9,40428),
(58,'PROD005710','Apple Laptop 5536','Apple',1,9,44473.25,47320.61,'📱','hot',31,4.1,37752),
(59,'PROD001623','Puma Dress 573','Puma',2,10,1085.31,1356.96,'👕','new',125,3.7,43261),
(60,'PROD009855','Prestige Kettle 3450','Prestige',3,1,11463.98,14138.79,'🏠','new',134,3.8,32626),
(61,'PROD001938','Nike Running Shoes 8303','Nike',5,2,7383.58,9360.72,'⚽','top',70,4.5,26659),
(62,'PROD003333','Cosco Running Shoes 6349','Cosco',5,3,3835.35,4202.77,'⚽','top',36,4.3,4196),
(63,'PROD007978','Cipla Probiotics 4337','Cipla',8,4,2844.82,3460.56,'💊','top',193,3.6,47705),
(64,'PROD006945','Lego Remote Car 3100','Lego',7,5,10079.92,11953.7,'🧸','',64,3.7,781),
(65,'PROD000868','Hasbro Remote Car 3222','Hasbro',7,6,14391.4,18173.09,'🧸','',166,4.7,40123),
(66,'PROD004468','Meguiar''s Dash Cam 8692','Meguiar''s',10,7,9711.74,11910.51,'🚗','',46,4.9,136),
(67,'PROD007787','Puma Saree 5334','Puma',2,8,5652.67,6153.22,'👕','new',168,3.6,28112),
(68,'PROD007354','Nike Sneakers 4329','Nike',2,9,8923.33,9468.05,'👕','',44,4.7,23266),
(69,'PROD006097','Nivea Shampoo 9893','Nivea',4,10,1162.68,1489.5,'💄','new',75,4.3,28020),
(70,'PROD002841','Bosch Car Perfume 7775','Bosch',10,1,12277.62,15563.89,'🚗','',145,3.7,4833),
(71,'PROD001099','Britannia Juice 4414','Britannia',9,2,1646.74,1981.68,'🛒','',10,4.9,3491),
(72,'PROD009204','Apple Smartphone 1466','Apple',1,3,47543.97,51623.21,'📱','hot',112,4.2,24764),
(73,'PROD004967','Oxford Textbook 5324','Oxford',6,4,14793.85,17858.85,'📚','hot',103,4.7,37235),
(74,'PROD006458','Oxford Comic 8994','Oxford',6,5,18652.69,21116.79,'📚','',18,4.4,48843),
(75,'PROD002792','LG Headphone 4096','LG',1,6,88264.93,95837.64,'📱','',68,4.3,47419),
(76,'PROD000150','Dabur Fish Oil 9168','Dabur',8,7,1615.22,1968.15,'💊','',101,3.7,47794),
(77,'PROD005815','Bosch Car Perfume 3290','Bosch',10,8,9060.42,11496.19,'🚗','',130,3.7,44864),
(78,'PROD001466','Puma T-Shirt 4352','Puma',2,9,1878.62,2089.67,'👕','top',84,4.0,47567),
(79,'PROD007573','Mattel Board Game 1128','Mattel',7,10,18848.89,20114.69,'🧸','',19,4.0,18306),
(80,'PROD005386','Bosch Engine Oil 3903','Bosch',10,1,12847.43,14030.61,'🚗','',60,4.3,970),
(81,'PROD006786','Britannia Noodles 8225','Britannia',9,2,1817.77,1943.98,'🛒','',166,3.9,33670),
(82,'PROD008760','Philips Mixer 934','Philips',3,3,14585.38,16356.94,'🏠','new',160,4.0,1260),
(83,'PROD004189','Rupa Textbook 1373','Rupa',6,4,5264.52,6703.2,'📚','',7,4.9,6699),
(84,'PROD008875','Dabur Multivitamin 390','Dabur',8,5,442.88,476.91,'💊','',109,4.6,35026),
(85,'PROD002833','Scholastic Comic 3619','Scholastic',6,6,3844.97,4145.64,'📚','',33,4.2,36371),
(86,'PROD005618','Scholastic Self-Help Book 9683','Scholastic',6,7,18576.7,19973.13,'📚','',69,4.4,13274),
(87,'PROD004065','Zara Hoodie 4627','Zara',2,8,4384.06,5331.21,'👕','',13,4.7,6417),
(88,'PROD001446','LG Headphone 4653','LG',1,9,30160.64,33540.55,'📱','new',102,4.1,49330),
(89,'PROD006844','Yonex Running Shoes 4305','Yonex',5,10,3897.49,4159.89,'⚽','',62,4.9,14663),
(90,'PROD007444','Meguiar''s Car Polish 6399','Meguiar''s',10,1,15590.28,16788.99,'🚗','',184,4.6,1028),
(91,'PROD003734','Havoline Tyre Inflator 3953','Havoline',10,2,8712.23,10531.35,'🚗','',86,4.1,49745),
(92,'PROD009576','Prestige Air Fryer 2394','Prestige',3,3,19247.71,21689.23,'🏠','',33,4.6,14492),
(93,'PROD009533','Fisher-Price Remote Car 849','Fisher-Price',7,4,8781.68,9943.07,'🧸','',176,4.1,18362),
(94,'PROD005421','Cipla Protein Powder 1285','Cipla',8,5,2702.95,3075.78,'💊','top',116,4.1,3272),
(95,'PROD008157','Adidas Sneakers 3746','Adidas',2,6,6473.9,6965.03,'👕','hot',132,4.6,30507),
(96,'PROD001174','IFB Toaster 3414','IFB',3,7,17278.24,21130.09,'🏠','new',176,4.7,8708),
(97,'PROD003061','Dabur Fish Oil 9081','Dabur',8,8,2593.19,2846.46,'💊','',192,4.9,47657),
(98,'PROD000199','Britannia Biscuits 9142','Britannia',9,9,2299.47,2950.91,'🛒','',47,4.3,46076),
(99,'PROD004790','Mango Jacket 9057','Mango',2,10,5638.18,6475.86,'👕','',146,4.5,12061),
(100,'PROD007332','Nivea Moisturizer 8692','Nivea',4,1,2941.21,3573.24,'💄','',28,4.6,49762),
(101,'PROD000567','Lego Remote Car 9896','Lego',7,2,9687.85,12470.45,'🧸','',174,4.9,18227),
(102,'PROD000342','Cipla Fish Oil 1921','Cipla',8,3,2338.71,2641.65,'💊','',55,4.9,33260),
(103,'PROD004185','Meguiar''s Tyre Inflator 9366','Meguiar''s',10,4,17240.93,19521.85,'🚗','top',20,3.7,31422),
(104,'PROD001108','Funskool Remote Car 8715','Funskool',7,5,12553.62,15300.09,'🧸','top',67,4.4,12823),
(105,'PROD007104','Himalaya Moisturizer 6313','Himalaya',4,6,2679.32,2955.54,'💄','new',78,4.0,48797),
(106,'PROD002998','Scholastic Comic 9078','Scholastic',6,7,16668.05,19900.99,'📚','new',150,3.5,46688),
(107,'PROD000085','Maybelline Shampoo 4449','Maybelline',4,8,161.86,190.35,'💄','',120,3.6,20147),
(108,'PROD008066','Castrol Car Perfume 9964','Castrol',10,9,19958.72,24044.99,'🚗','',162,3.7,19587),
(109,'PROD009114','Amul Noodles 3893','Amul',9,10,1972.49,2383.26,'🛒','top',159,3.6,27637),
(110,'PROD007770','Oxford Self-Help Book 6919','Oxford',6,1,19784.03,21245.2,'📚','',161,3.6,37105),
(111,'PROD007425','Bosch Car Polish 6830','Bosch',10,2,14585.91,17551.39,'🚗','',84,3.7,12123),
(112,'PROD009963','Bosch Smartwatch 1416','Bosch',1,3,133574.19,148451.94,'📱','',113,3.7,34442),
(113,'PROD005650','Funskool Remote Car 5670','Funskool',7,4,1355.58,1660.68,'🧸','top',119,4.7,10799),
(114,'PROD009709','IFB Pressure Cooker 7041','IFB',3,5,7237.82,7873.34,'🏠','',185,3.6,4044),
(115,'PROD009554','Cosco Football 8512','Cosco',5,6,5034.31,6322.76,'⚽','',67,4.5,30831),
(116,'PROD008816','Puma Badminton Racket 4203','Puma',5,7,6002.23,6601.26,'⚽','top',95,4.4,18760),
(117,'PROD007586','Adidas Football 9209','Adidas',5,8,4021.04,4858.02,'⚽','',80,3.6,8634),
(118,'PROD007114','Rupa Self-Help Book 6821','Rupa',6,9,15800.0,18104.29,'📚','',120,4.3,19768),
(119,'PROD003315','Hasbro Board Game 7628','Hasbro',7,10,12269.22,15549.61,'🧸','',134,3.9,27139),
(120,'PROD008915','Cipla Fish Oil 7714','Cipla',8,1,1731.07,1824.47,'💊','',85,4.4,7520),
(121,'PROD002725','Nike Football 2226','Nike',5,2,2964.26,3195.3,'⚽','',148,4.2,31674),
(122,'PROD007926','Reebok Running Shoes 7702','Reebok',5,3,4589.41,4906.71,'⚽','',71,3.8,49343),
(123,'PROD007437','HUL Milk 3245','HUL',9,4,640.43,710.61,'🛒','top',194,3.5,49413),
(124,'PROD001191','Apple Smartwatch 7585','Apple',1,5,124223.51,152064.88,'📱','',177,4.0,39407),
(125,'PROD004765','Lego Puzzle 1567','Lego',7,6,2675.85,3159.02,'🧸','',43,4.9,44620),
(126,'PROD005617','Hot Wheels Action Figure 5467','Hot Wheels',7,7,10783.63,12779.36,'🧸','',75,3.6,40528),
(127,'PROD006127','Penguin Novel 9072','Penguin',6,8,2214.69,2599.62,'📚','new',159,4.8,8517),
(128,'PROD004343','Mattel Puzzle 9324','Mattel',7,9,12872.66,14283.8,'🧸','hot',122,3.8,10210),
(129,'PROD009993','Levi''s Jacket 9497','Levi''s',2,10,5928.39,7101.08,'👕','',22,3.5,26914),
(130,'PROD002474','Apple Speaker 4809','Apple',1,1,128917.6,160915.44,'📱','',116,3.7,28945),
(131,'PROD001502','Biotique Serum 3193','Biotique',4,2,2576.48,2771.51,'💄','top',134,4.3,14767),
(132,'PROD000878','Castrol Car Perfume 5243','Castrol',10,3,14294.11,15346.0,'🚗','new',132,3.5,36608),
(133,'PROD009297','OnePlus TV 5506','OnePlus',1,4,34706.53,39413.8,'📱','top',11,3.9,39803),
(134,'PROD007983','Scholastic Comic 8407','Scholastic',6,5,17540.76,21089.61,'📚','',174,3.6,7696),
(135,'PROD003956','Morphy Richards Toaster 4083','Morphy Richards',3,6,16544.29,19563.23,'🏠','',94,3.6,1854),
(136,'PROD008561','Nivea Shampoo 897','Nivea',4,7,2073.94,2680.82,'💄','',102,4.4,6904),
(137,'PROD009654','Westland Self-Help Book 2552','Westland',6,8,5407.62,6820.61,'📚','',123,4.1,6609),
(138,'PROD001673','Scholastic Textbook 3494','Scholastic',6,9,5791.65,6538.2,'📚','',105,4.7,28687),
(139,'PROD004358','Funskool Board Game 7088','Funskool',7,10,6133.25,7030.81,'🧸','',147,4.7,25527),
(140,'PROD004971','Nivea Moisturizer 9151','Nivea',4,1,1262.01,1621.21,'💄','',125,4.2,32170),
(141,'PROD001710','Cipla Probiotics 9857','Cipla',8,2,738.82,854.08,'💊','',184,4.0,12091),
(142,'PROD005360','Lego Board Game 3996','Lego',7,3,11953.82,12686.87,'🧸','',122,3.5,28381),
(143,'PROD008761','Biotique Face Wash 7383','Biotique',4,4,2316.76,2872.53,'💄','',85,3.5,39405),
(144,'PROD008117','Adidas Kurta 5819','Adidas',2,5,9697.13,11653.35,'👕','new',96,4.4,3589),
(145,'PROD004702','Bosch Tablet 7408','Bosch',1,6,119876.61,147438.71,'📱','',170,4.5,35176),
(146,'PROD007578','Scholastic Textbook 2115','Scholastic',6,7,8593.46,9440.53,'📚','',43,3.6,22855),
(147,'PROD004103','Scholastic Self-Help Book 965','Scholastic',6,8,9294.29,10179.79,'📚','',159,4.4,22711),
(148,'PROD001723','H&M Kurta 9467','H&M',2,9,3108.03,3814.73,'👕','',139,4.4,42400),
(149,'PROD007987','Philips Kettle 4685','Philips',3,10,18063.25,20402.95,'🏠','',107,4.7,41266),
(150,'PROD004284','Bosch Headphone 9498','Bosch',1,1,104151.66,125217.31,'📱','top',120,4.8,12762),
(151,'PROD006895','Amul Coffee 2041','Amul',9,2,1439.28,1732.73,'🛒','',61,4.6,19584),
(152,'PROD009014','Cipla Multivitamin 4399','Cipla',8,3,827.64,971.11,'💊','new',11,4.9,22644),
(153,'PROD008613','Nike Badminton Racket 3759','Nike',5,4,2813.02,3617.02,'⚽','',44,4.7,25151),
(154,'PROD002520','Abbott Protein Powder 1308','Abbott',8,5,2228.31,2397.74,'💊','',11,4.2,13837),
(155,'PROD006416','Himalaya Fish Oil 1242','Himalaya',8,6,2025.74,2320.48,'💊','new',106,4.7,42108),
(156,'PROD002197','Funskool Puzzle 2222','Funskool',7,7,14111.6,15910.35,'🧸','',196,4.5,35396),
(157,'PROD009565','Dr. Vaidya Vitamin C 7805','Dr. Vaidya',8,8,1149.24,1284.86,'💊','new',75,3.5,28728),
(158,'PROD001450','Penguin Self-Help Book 5751','Penguin',6,9,7155.83,9292.51,'📚','',91,3.8,25613),
(159,'PROD003622','Bosch Car Polish 3128','Bosch',10,10,4331.33,4551.11,'🚗','',126,4.8,45794),
(160,'PROD005263','Rupa Textbook 7112','Rupa',6,1,9177.17,11865.76,'📚','',184,4.4,45215),
(161,'PROD004877','Patanjali Biscuits 244','Patanjali',9,2,976.1,1070.52,'🛒','hot',51,4.0,44564),
(162,'PROD001571','Westland Novel 8863','Westland',6,3,17364.67,21549.61,'📚','',8,4.8,3213),
(163,'PROD005525','Abbott Protein Powder 3289','Abbott',8,4,716.94,877.28,'💊','new',116,4.3,37216),
(164,'PROD003013','Rupa Novel 7207','Rupa',6,5,14822.09,18343.78,'📚','',34,4.9,47484),
(165,'PROD000369','Adidas Kurta 6033','Adidas',2,6,4012.69,4393.7,'👕','',35,4.7,31234),
(166,'PROD002112','Reebok Cycle 2617','Reebok',5,7,723.97,867.3,'⚽','',6,4.9,41281),
(167,'PROD001703','Castrol Engine Oil 1620','Castrol',10,8,10330.1,12667.53,'🚗','',177,4.5,31579),
(168,'PROD004677','HP TV 6486','HP',1,9,147460.57,167324.89,'📱','',72,4.5,35755),
(169,'PROD005051','HarperCollins Textbook 7696','HarperCollins',6,10,1989.65,2456.37,'📚','new',94,4.7,33564),
(170,'PROD007937','HarperCollins Cook Book 2362','HarperCollins',6,1,6440.01,7297.49,'📚','',130,4.1,965),
(171,'PROD001549','Hot Wheels Building Blocks 1081','Hot Wheels',7,2,10539.94,11301.3,'🧸','',113,3.9,28799),
(172,'PROD000236','Puma Running Shoes 9298','Puma',5,3,3480.66,4304.99,'⚽','new',106,3.5,45449),
(173,'PROD007483','Dell Headphone 2994','Dell',1,4,121807.88,130117.19,'📱','',47,4.0,45438),
(174,'PROD005853','Fisher-Price Board Game 7213','Fisher-Price',7,5,19576.02,23320.97,'🧸','',29,3.9,12672),
(175,'PROD004381','Rupa Comic 9846','Rupa',6,6,7952.81,8518.31,'📚','new',198,4.6,8811),
(176,'PROD000881','IFB Toaster 5381','IFB',3,7,14263.98,15922.9,'🏠','top',123,4.5,2761),
(177,'PROD008352','Funskool Building Blocks 9772','Funskool',7,8,7906.28,8358.94,'🧸','top',129,4.5,26499),
(178,'PROD005102','Maybelline Shampoo 8692','Maybelline',4,9,1190.51,1302.61,'💄','',157,4.1,47278),
(179,'PROD001736','Bosch Laptop 9264','Bosch',1,10,13686.65,17346.1,'📱','new',100,5.0,17483),
(180,'PROD005706','Himalaya Protein Powder 9312','Himalaya',8,1,2955.85,3586.51,'💊','',109,4.4,36520),
(181,'PROD001255','Castrol Dash Cam 2027','Castrol',10,2,5597.55,6158.8,'🚗','',87,4.8,39819),
(182,'PROD007550','Himalaya Shampoo 7529','Himalaya',4,3,1192.66,1418.87,'💄','',5,4.5,20921),
(183,'PROD004232','Dabur Multivitamin 5023','Dabur',8,4,1984.28,2112.08,'💊','',84,4.0,48276),
(184,'PROD008737','Puma Badminton Racket 9611','Puma',5,5,1235.74,1496.14,'⚽','',48,5.0,19705),
(185,'PROD005184','Hasbro Board Game 5452','Hasbro',7,6,14120.84,18241.79,'🧸','',179,4.9,33538),
(186,'PROD009247','Morphy Richards Kettle 1242','Morphy Richards',3,7,16756.07,21655.71,'🏠','',18,4.1,20058),
(187,'PROD005220','Oxford Cook Book 9392','Oxford',6,8,5452.9,5832.88,'📚','',155,3.9,6878),
(188,'PROD009392','Rupa Novel 4460','Rupa',6,9,18324.88,20414.33,'📚','',184,4.0,41363),
(189,'PROD003962','Apple Laptop 5013','Apple',1,10,12003.1,13233.9,'📱','',141,3.9,42129),
(190,'PROD005371','Amul Milk 5280','Amul',9,1,179.5,195.19,'🛒','',34,3.9,34791),
(191,'PROD001666','Hot Wheels Puzzle 9164','Hot Wheels',7,2,1456.51,1699.17,'🧸','',60,4.7,11009),
(192,'PROD002058','Levi''s Saree 5223','Levi''s',2,3,8497.88,9339.21,'👕','new',18,3.7,19175),
(193,'PROD008597','LG Speaker 312','LG',1,4,57331.64,62966.87,'📱','',179,5.0,17544),
(194,'PROD003402','Prestige Mixer 7820','Prestige',3,5,3714.95,3948.17,'🏠','',134,4.6,13039),
(195,'PROD002937','Prestige Kettle 5489','Prestige',3,6,2155.32,2718.05,'🏠','',178,4.0,40965),
(196,'PROD003732','Prestige Toaster 2373','Prestige',3,7,6681.37,7565.63,'🏠','',143,5.0,2525),
(197,'PROD005959','Nike Cricket Bat 1909','Nike',5,8,993.7,1166.75,'⚽','',106,3.9,16303),
(198,'PROD002761','Dr. Vaidya Probiotics 488','Dr. Vaidya',8,9,1342.64,1583.26,'💊','new',92,4.9,16529),
(199,'PROD000279','Apple Headphone 6263','Apple',1,10,63554.04,76481.36,'📱','new',7,3.9,10337),
(200,'PROD004391','Yonex Football 9593','Yonex',5,1,4331.15,5318.96,'⚽','top',23,4.7,35909),
(201,'PROD006584','Oxford Self-Help Book 5363','Oxford',6,2,669.75,761.31,'📚','',87,4.6,25654),
(202,'PROD008682','IFB Kettle 9092','IFB',3,3,1629.05,2033.02,'🏠','new',75,3.8,73),
(203,'PROD008596','Rupa Biography 3142','Rupa',6,4,4915.9,5362.86,'📚','',55,4.7,28384),
(204,'PROD004981','Decathlon Yoga Mat 8926','Decathlon',5,5,6305.11,7104.49,'⚽','',86,3.7,3536),
(205,'PROD005296','Reebok Kurta 5938','Reebok',2,6,9037.42,11687.2,'👕','',150,4.2,16380),
(206,'PROD008141','Sony Tablet 8770','Sony',1,7,45330.34,52962.01,'📱','top',192,4.4,44441),
(207,'PROD003918','Adidas Hoodie 9771','Adidas',2,8,4557.47,4832.77,'👕','top',68,4.9,9198),
(208,'PROD003968','Sony Camera 4661','Sony',1,9,112819.99,126680.65,'📱','',140,4.1,2683),
(209,'PROD006520','Decathlon Football 3346','Decathlon',5,10,2705.76,3068.65,'⚽','',22,4.0,4196),
(210,'PROD004712','Nivea Shampoo 7111','Nivea',4,1,2382.93,2640.08,'💄','',19,3.7,5294),
(211,'PROD002640','Pigeon Kettle 2998','Pigeon',3,2,17443.08,21413.07,'🏠','',104,3.8,40332),
(212,'PROD005288','Dove Sunscreen 6163','Dove',4,3,1231.4,1454.59,'💄','hot',194,4.3,39656),
(213,'PROD004684','Prestige Pressure Cooker 675','Prestige',3,4,828.59,967.2,'🏠','',44,4.8,25053),
(214,'PROD009042','Dr. Vaidya Protein Powder 1438','Dr. Vaidya',8,5,99.79,116.97,'💊','',73,4.0,31620),
(215,'PROD000898','IFB Air Fryer 192','IFB',3,6,6744.14,8250.72,'🏠','',144,3.7,42227),
(216,'PROD007035','Scholastic Self-Help Book 4947','Scholastic',6,7,6528.45,8050.74,'📚','',85,4.4,42295),
(217,'PROD008912','Nestle Noodles 8085','Nestle',9,8,1733.29,1935.06,'🛒','',165,3.8,25809),
(218,'PROD003049','Mattel Building Blocks 6436','Mattel',7,9,9102.49,10209.78,'🧸','',148,3.6,35596),
(219,'PROD005536','Apple Smartphone 4137','Apple',1,10,44503.73,48043.25,'📱','',171,4.0,13388),
(220,'PROD004904','Oxford Novel 2660','Oxford',6,1,17642.33,22240.65,'📚','new',171,4.5,40858),
(221,'PROD000431','Dabur Biscuits 9050','Dabur',9,2,1094.15,1380.79,'🛒','',78,4.8,19893),
(222,'PROD003100','Puma Jeans 476','Puma',2,3,8163.32,9904.77,'👕','top',41,4.6,25574),
(223,'PROD008331','L''Oreal Lipstick 2020','L''Oreal',4,4,2232.58,2431.65,'💄','',37,4.9,20480),
(224,'PROD009198','Britannia Oats 323','Britannia',9,5,2628.79,3362.71,'🛒','new',183,4.0,30340),
(225,'PROD003687','Cosco Badminton Racket 5586','Cosco',5,6,8287.54,9419.09,'⚽','top',27,4.6,24095),
(226,'PROD004883','Funskool Board Game 7561','Funskool',7,7,14626.13,15540.7,'🧸','hot',40,3.9,23477),
(227,'PROD006240','Patanjali Fish Oil 8773','Patanjali',8,8,1815.61,2263.08,'💊','',92,4.5,44911),
(228,'PROD005455','Maybelline Lipstick 7540','Maybelline',4,9,2523.9,2740.84,'💄','',143,4.9,12554),
(229,'PROD005818','HP Tablet 9615','HP',1,10,87975.07,108431.2,'📱','',198,4.8,1207),
(230,'PROD009333','Adidas Cycle 645','Adidas',5,1,4627.61,5878.78,'⚽','top',79,3.8,15973),
(231,'PROD004369','IFB Kettle 7915','IFB',3,2,14525.21,18293.07,'🏠','',119,4.9,37981),
(232,'PROD006685','Himalaya Fish Oil 978','Himalaya',8,3,69.91,76.47,'💊','',66,4.0,5145),
(233,'PROD003115','Hot Wheels Building Blocks 4776','Hot Wheels',7,4,4520.51,4846.33,'🧸','',177,4.7,44302),
(234,'PROD005983','Meguiar''s Tyre Inflator 6940','Meguiar''s',10,5,7246.73,7917.34,'🚗','',97,4.5,7467),
(235,'PROD008996','HarperCollins Textbook 3933','HarperCollins',6,6,6145.9,7444.23,'📚','new',170,4.9,2387),
(236,'PROD003814','Himalaya Lipstick 9308','Himalaya',4,7,1900.82,2398.27,'💄','top',128,4.3,18276),
(237,'PROD002216','Meguiar''s Tyre Inflator 799','Meguiar''s',10,8,12487.15,14047.47,'🚗','new',17,4.5,18927),
(238,'PROD005037','Abbott Probiotics 7507','Abbott',8,9,1547.85,1824.93,'💊','top',114,4.4,10268),
(239,'PROD002778','Westland Biography 8567','Westland',6,10,8234.72,9141.54,'📚','',21,3.9,24164),
(240,'PROD006788','3M Car Polish 5104','3M',10,1,15219.2,17664.31,'🚗','',186,4.2,36922),
(241,'PROD001230','Nike Cycle 3396','Nike',5,2,6992.17,7591.83,'⚽','new',146,4.3,30765),
(242,'PROD006804','Levi''s Jacket 9527','Levi''s',2,3,4832.89,5779.22,'👕','hot',71,3.9,38192),
(243,'PROD005442','Britannia Tea 3343','Britannia',9,4,488.01,547.34,'🛒','',101,4.2,19840),
(244,'PROD005616','Lakme Sunscreen 5523','Lakme',4,5,1057.92,1141.88,'💄','',84,3.7,12143),
(245,'PROD007715','Patanjali Milk 5309','Patanjali',9,6,2886.18,3132.22,'🛒','',12,4.4,47466),
(246,'PROD006912','Morphy Richards Pressure Cooker 6384','Morphy Richards',3,7,13328.51,14000.55,'🏠','',29,4.5,10445),
(247,'PROD003278','Philips Toaster 8640','Philips',3,8,5894.03,6763.79,'🏠','',141,3.7,33344),
(248,'PROD002897','Lakme Lipstick 7088','Lakme',4,9,1943.76,2083.19,'💄','hot',149,3.8,16872),
(249,'PROD006677','Funskool Doll 9230','Funskool',7,10,12323.64,13366.53,'🧸','',125,4.3,40579),
(250,'PROD000966','Himalaya Protein Powder 2825','Himalaya',8,1,810.87,980.03,'💊','',75,4.8,25524),
(251,'PROD003027','Nike Cycle 1974','Nike',5,2,1417.2,1528.5,'⚽','',59,3.8,42094),
(252,'PROD003142','Westland Cook Book 4696','Westland',6,3,11187.92,14013.57,'📚','',134,4.3,796),
(253,'PROD009753','Hasbro Action Figure 145','Hasbro',7,4,6750.93,7290.45,'🧸','new',30,3.8,42038),
(254,'PROD002223','Oxford Biography 8067','Oxford',6,5,4409.18,5639.92,'📚','',23,4.1,40813),
(255,'PROD006315','Amul Noodles 2198','Amul',9,6,440.88,500.63,'🛒','hot',123,4.4,39408),
(256,'PROD009989','Mattel Remote Car 4651','Mattel',7,7,14471.88,15484.27,'🧸','',139,3.8,44823),
(257,'PROD009207','Lego Building Blocks 9390','Lego',7,8,4298.94,4748.07,'🧸','',120,3.9,15863),
(258,'PROD005332','Nike Badminton Racket 8652','Nike',5,9,7618.76,8709.17,'⚽','',132,4.8,41506),
(259,'PROD001433','Nestle Tea 2734','Nestle',9,10,2148.85,2789.21,'🛒','new',10,4.9,19914),
(260,'PROD007921','Morphy Richards Blender 870','Morphy Richards',3,1,13919.18,17593.23,'🏠','top',153,4.2,28016),
(261,'PROD008082','Philips Pressure Cooker 3684','Philips',3,2,11608.59,13874.61,'🏠','',171,3.9,36769),
(262,'PROD000874','Prestige Blender 9939','Prestige',3,3,12200.98,15703.46,'🏠','',149,4.7,14478),
(263,'PROD005759','Mattel Action Figure 6287','Mattel',7,4,10574.5,12121.55,'🧸','',55,4.2,24213),
(264,'PROD006845','Oxford Biography 5555','Oxford',6,5,1209.89,1423.09,'📚','hot',119,5.0,37633),
(265,'PROD008270','HarperCollins Biography 6604','HarperCollins',6,6,17517.52,22644.79,'📚','new',112,3.7,17962),
(266,'PROD001535','Dabur Oats 5285','Dabur',9,7,1163.33,1425.89,'🛒','',58,3.7,35794),
(267,'PROD000666','Scholastic Textbook 3032','Scholastic',6,8,18635.97,23507.0,'📚','hot',188,4.5,39591),
(268,'PROD002168','Decathlon Running Shoes 3430','Decathlon',5,9,9939.88,11170.61,'⚽','',27,4.7,41354),
(269,'PROD000965','Himalaya Vitamin C 8499','Himalaya',8,10,164.61,183.25,'💊','new',36,3.5,3257),
(270,'PROD005325','LG Laptop 5896','LG',1,1,136789.79,145169.13,'📱','',185,4.3,29266),
(271,'PROD000018','Mattel Action Figure 3556','Mattel',7,2,18279.1,21502.89,'🧸','top',53,3.6,394),
(272,'PROD001896','LG Smartwatch 882','LG',1,3,125637.67,149656.7,'📱','',51,4.6,37621),
(273,'PROD009786','OnePlus Headphone 4955','OnePlus',1,4,25571.4,30865.48,'📱','',12,4.3,29622),
(274,'PROD001383','Sony TV 576','Sony',1,5,73273.15,80161.52,'📱','',181,3.6,479),
(275,'PROD001228','HP Laptop 3496','HP',1,6,120134.09,145656.89,'📱','hot',131,4.1,47596),
(276,'PROD004401','IFB Pressure Cooker 3930','IFB',3,7,383.52,430.86,'🏠','',123,4.1,30725),
(277,'PROD005425','L''Oreal Serum 2070','L''Oreal',4,8,858.33,956.78,'💄','',34,4.5,25104),
(278,'PROD009585','Cipla Vitamin C 3643','Cipla',8,9,2415.54,2878.46,'💊','',118,3.9,35627),
(279,'PROD007224','Funskool Building Blocks 8685','Funskool',7,10,8213.77,10330.72,'🧸','',117,4.7,25552),
(280,'PROD000607','HP Tablet 5811','HP',1,1,129466.74,150524.1,'📱','top',146,4.7,30305),
(281,'PROD008662','Castrol Car Perfume 7095','Castrol',10,2,1779.02,2051.13,'🚗','top',19,4.8,36283),
(282,'PROD006988','Adidas Running Shoes 8387','Adidas',5,3,9940.23,11969.25,'⚽','',19,4.4,15448),
(283,'PROD008285','Nestle Coffee 2353','Nestle',9,4,1667.07,2022.87,'🛒','',62,4.3,19785),
(284,'PROD003581','Amul Tea 7221','Amul',9,5,1427.57,1739.98,'🛒','hot',24,4.5,32467),
(285,'PROD009409','Scholastic Cook Book 5319','Scholastic',6,6,11587.21,13444.89,'📚','',75,3.8,8006),
(286,'PROD009948','Levi''s Saree 6042','Levi''s',2,7,351.76,447.25,'👕','',79,4.5,18933),
(287,'PROD005646','Bosch Tyre Inflator 5531','Bosch',10,8,7660.52,9848.9,'🚗','hot',169,4.8,49494),
(288,'PROD008461','HP Headphone 4521','HP',1,9,105455.97,123462.99,'📱','',40,3.9,49238),
(289,'PROD001155','Yonex Badminton Racket 3571','Yonex',5,10,2275.87,2675.03,'⚽','',123,4.2,43934),
(290,'PROD009177','LG Speaker 9149','LG',1,1,14847.5,17176.98,'📱','',152,4.7,15006),
(291,'PROD008624','Havoline Dash Cam 2732','Havoline',10,2,14361.08,17239.12,'🚗','',154,4.2,49250),
(292,'PROD007315','LG Speaker 196','LG',1,3,78310.15,86798.42,'📱','',96,4.3,24380),
(293,'PROD003604','Oxford Novel 3157','Oxford',6,4,8183.93,10300.54,'📚','',69,3.7,18881),
(294,'PROD001527','L''Oreal Face Wash 561','L''Oreal',4,5,1790.87,1950.63,'💄','',75,4.0,41759),
(295,'PROD002561','Dove Moisturizer 6801','Dove',4,6,228.37,241.58,'💄','',141,3.7,47190),
(296,'PROD005926','LG Smartphone 4559','LG',1,7,2266.81,2518.02,'📱','new',15,3.6,13359),
(297,'PROD001409','Nivea Lipstick 8987','Nivea',4,8,1745.93,1923.24,'💄','hot',12,4.0,10458),
(298,'PROD005408','Bosch Tyre Inflator 1720','Bosch',10,9,4711.95,5580.75,'🚗','',77,3.9,39646),
(299,'PROD004272','Meguiar''s Tyre Inflator 4475','Meguiar''s',10,10,16913.0,18802.79,'🚗','',76,4.6,24443),
(300,'PROD000107','Meguiar''s Car Perfume 7405','Meguiar''s',10,1,17963.72,20918.16,'🚗','',119,3.6,28498),
(301,'PROD003650','Oxford Textbook 7913','Oxford',6,2,17283.11,20421.49,'📚','',34,3.6,24205),
(302,'PROD003840','LG TV 716','LG',1,3,132621.35,142542.4,'📱','',19,3.9,4200),
(303,'PROD006543','Lego Building Blocks 6825','Lego',7,4,2854.73,3397.18,'🧸','',66,3.8,992),
(304,'PROD008109','Himalaya Vitamin C 424','Himalaya',8,5,2694.67,3106.94,'💊','',94,4.4,33640),
(305,'PROD009940','Adidas Kurta 9390','Adidas',2,6,6427.13,8163.38,'👕','',39,4.1,40233),
(306,'PROD001029','Funskool Puzzle 6081','Funskool',7,7,17114.66,21795.01,'🧸','top',100,4.7,3575),
(307,'PROD008997','Patanjali Biscuits 9505','Patanjali',9,8,1253.85,1365.08,'🛒','hot',192,3.8,42119),
(308,'PROD008605','Himalaya Shampoo 8813','Himalaya',4,9,480.34,582.91,'💄','top',104,3.7,19461),
(309,'PROD002853','Decathlon Yoga Mat 7051','Decathlon',5,10,9911.74,10527.23,'⚽','top',24,4.7,6550),
(310,'PROD003843','Britannia Coffee 3550','Britannia',9,1,2094.29,2448.46,'🛒','',100,4.2,40693),
(311,'PROD006966','Amul Tea 6880','Amul',9,2,1924.43,2450.54,'🛒','',51,4.1,46928),
(312,'PROD001246','Penguin Textbook 1617','Penguin',6,3,8985.73,9680.83,'📚','',179,4.2,1711),
(313,'PROD009045','Morphy Richards Air Fryer 6421','Morphy Richards',3,4,4903.52,6010.18,'🏠','',128,3.7,47266),
(314,'PROD005887','Scholastic Self-Help Book 7033','Scholastic',6,5,14438.01,15854.95,'📚','new',85,4.9,5917),
(315,'PROD008238','Puma Dress 609','Puma',2,6,356.27,439.16,'👕','new',191,3.7,17541),
(316,'PROD004686','Puma Jacket 6805','Puma',2,7,9595.83,12356.07,'👕','hot',126,3.5,31761),
(317,'PROD007285','Bosch Tyre Inflator 9257','Bosch',10,8,1284.02,1608.55,'🚗','',66,3.7,32587),
(318,'PROD001593','Adidas Cricket Bat 4817','Adidas',5,9,7539.5,9725.96,'⚽','',76,4.7,15744),
(319,'PROD005283','Amul Juice 8511','Amul',9,10,2333.34,2597.81,'🛒','new',31,4.2,16627),
(320,'PROD006611','Morphy Richards Kettle 9198','Morphy Richards',3,1,3152.67,3311.6,'🏠','',38,4.2,22583),
(321,'PROD007866','Westland Novel 713','Westland',6,2,18369.37,23488.14,'📚','',107,4.8,47118),
(322,'PROD003546','Cosco Yoga Mat 3338','Cosco',5,3,1585.49,1823.14,'⚽','',30,4.9,30366),
(323,'PROD006871','Bajaj Toaster 9167','Bajaj',3,4,1248.72,1428.54,'🏠','top',53,3.5,1985),
(324,'PROD002304','Adidas Running Shoes 8192','Adidas',5,5,5135.91,5911.08,'⚽','',24,3.5,8343),
(325,'PROD007322','Rupa Novel 6882','Rupa',6,6,16587.38,19609.35,'📚','',92,4.2,45188),
(326,'PROD007867','Prestige Toaster 2607','Prestige',3,7,6229.12,6599.88,'🏠','',61,4.2,4352),
(327,'PROD006048','Decathlon Football 3234','Decathlon',5,8,2254.25,2515.67,'⚽','',103,4.2,12660),
(328,'PROD009156','Adidas Yoga Mat 1768','Adidas',5,9,6644.6,7300.65,'⚽','',183,3.6,49381),
(329,'PROD005354','Puma Badminton Racket 1186','Puma',5,10,3720.6,4262.58,'⚽','top',133,4.9,16912),
(330,'PROD003937','Reebok Football 8404','Reebok',5,1,3924.85,4851.06,'⚽','new',139,3.5,8158),
(331,'PROD009410','OnePlus Speaker 3582','OnePlus',1,2,119678.03,146640.97,'📱','',200,4.1,2814),
(332,'PROD001089','Adidas Dress 8290','Adidas',2,3,1185.6,1413.62,'👕','',85,4.0,12524),
(333,'PROD004959','Meguiar''s Tyre Inflator 1660','Meguiar''s',10,4,7286.78,8814.17,'🚗','',178,4.5,13559),
(334,'PROD003551','Penguin Biography 2968','Penguin',6,5,13750.9,15678.41,'📚','hot',66,3.7,27236),
(335,'PROD004371','Michelin Tyre Inflator 1734','Michelin',10,6,5132.71,5921.44,'🚗','hot',59,4.4,37548),
(336,'PROD005485','Bajaj Blender 6177','Bajaj',3,7,16317.67,20788.26,'🏠','hot',80,5.0,779),
(337,'PROD009764','Dr. Vaidya Fish Oil 2980','Dr. Vaidya',8,8,1916.34,2345.91,'💊','',153,3.7,37275),
(338,'PROD009342','Puma Badminton Racket 3560','Puma',5,9,565.57,650.83,'⚽','top',138,4.6,43001),
(339,'PROD003261','Prestige Mixer 2754','Prestige',3,10,1909.28,2334.87,'🏠','',170,4.4,11744),
(340,'PROD007219','Patanjali Probiotics 3666','Patanjali',8,1,2048.27,2180.82,'💊','hot',14,4.1,33087),
(341,'PROD000702','L''Oreal Serum 2535','L''Oreal',4,2,151.22,159.63,'💄','',101,4.5,8992),
(342,'PROD008421','Lego Building Blocks 3061','Lego',7,3,13603.27,14594.02,'🧸','',157,3.8,23162),
(343,'PROD001353','Puma Hoodie 1490','Puma',2,4,8885.58,10502.0,'👕','hot',155,4.4,8617),
(344,'PROD004129','Dell Tablet 9040','Dell',1,5,65876.84,71639.71,'📱','top',136,4.9,40892),
(345,'PROD000939','HarperCollins Comic 5532','HarperCollins',6,6,17581.14,22432.23,'📚','',93,4.4,19254),
(346,'PROD005863','Himalaya Probiotics 848','Himalaya',8,7,2104.98,2700.45,'💊','top',200,3.9,11367),
(347,'PROD002711','Himalaya Face Wash 9861','Himalaya',4,8,378.47,461.73,'💄','',90,3.9,46398),
(348,'PROD001657','3M Car Polish 5030','3M',10,9,15439.48,19161.42,'🚗','',88,5.0,3225),
(349,'PROD003126','Fisher-Price Action Figure 2384','Fisher-Price',7,10,15806.65,20428.68,'🧸','new',162,4.1,15034),
(350,'PROD001577','Westland Cook Book 1744','Westland',6,1,16522.14,19155.36,'📚','',170,4.2,32641),
(351,'PROD001252','Abbott Multivitamin 7749','Abbott',8,2,2672.1,3189.33,'💊','',117,3.7,41974),
(352,'PROD001262','Reebok Saree 3032','Reebok',2,3,7134.37,8050.16,'👕','new',60,4.2,27000),
(353,'PROD006041','Sony Headphone 7968','Sony',1,4,57951.43,72489.29,'📱','',31,4.7,1499),
(354,'PROD004808','Hasbro Puzzle 934','Hasbro',7,5,14489.82,18779.35,'🧸','hot',127,4.6,3249),
(355,'PROD003273','Nike Jacket 6874','Nike',2,6,8444.78,10215.91,'👕','',15,4.4,34532),
(356,'PROD008904','Oxford Cook Book 1430','Oxford',6,7,17072.05,21386.17,'📚','',131,3.9,25956),
(357,'PROD007650','Decathlon Badminton Racket 3274','Decathlon',5,8,733.05,894.34,'⚽','',135,4.8,48844),
(358,'PROD009041','HP TV 9940','HP',1,9,60558.75,74817.22,'📱','new',47,3.6,41177),
(359,'PROD002257','Himalaya Lipstick 5136','Himalaya',4,10,2522.53,2694.79,'💄','hot',183,4.5,23877),
(360,'PROD008762','Patanjali Vitamin C 9673','Patanjali',8,1,1261.82,1564.35,'💊','new',30,4.9,13440),
(361,'PROD003998','Biotique Lipstick 3716','Biotique',4,2,616.25,761.72,'💄','',32,3.8,39918),
(362,'PROD004768','L''Oreal Serum 853','L''Oreal',4,3,2912.4,3545.38,'💄','',72,4.1,33580),
(363,'PROD003599','Michelin Tyre Inflator 6778','Michelin',10,4,6091.22,6941.26,'🚗','',75,3.6,17235),
(364,'PROD004621','Cosco Badminton Racket 1407','Cosco',5,5,400.22,457.24,'⚽','new',126,3.9,18295),
(365,'PROD007839','Funskool Remote Car 2152','Funskool',7,6,15419.2,16219.03,'🧸','top',39,4.3,8622),
(366,'PROD009564','Michelin Dash Cam 725','Michelin',10,7,7798.5,9648.77,'🚗','',6,3.7,49720),
(367,'PROD000253','Reebok Cricket Bat 358','Reebok',5,8,1989.19,2280.76,'⚽','',158,4.2,43715),
(368,'PROD003113','Adidas Dress 5365','Adidas',2,9,7634.98,8188.05,'👕','',10,3.7,10677),
(369,'PROD005148','Castrol Car Polish 8018','Castrol',10,10,13961.52,15528.29,'🚗','hot',128,3.7,48870),
(370,'PROD004620','Lego Building Blocks 2091','Lego',7,1,2611.84,3312.42,'🧸','hot',51,3.8,5248),
(371,'PROD003806','Pigeon Toaster 1834','Pigeon',3,2,14792.51,16094.51,'🏠','new',103,3.5,17438),
(372,'PROD007972','Apple Speaker 1090','Apple',1,3,86451.2,91769.74,'📱','',183,3.8,27523),
(373,'PROD008096','IFB Blender 5192','IFB',3,4,6723.74,8188.34,'🏠','new',185,4.2,8494),
(374,'PROD006565','Yonex Cycle 571','Yonex',5,5,9605.45,11906.22,'⚽','',133,3.7,19328),
(375,'PROD004680','Bosch Headphone 2924','Bosch',1,6,63462.19,73950.95,'📱','',82,4.0,18392),
(376,'PROD000423','Dabur Protein Powder 9879','Dabur',8,7,1449.04,1730.03,'💊','',173,4.3,29916),
(377,'PROD004230','Dell Headphone 6555','Dell',1,8,139548.37,169942.87,'📱','hot',33,3.5,4585),
(378,'PROD004525','Bosch Dash Cam 4899','Bosch',10,9,15571.83,18708.31,'🚗','',191,4.0,33250),
(379,'PROD001913','Cipla Fish Oil 6364','Cipla',8,10,1556.53,1838.78,'💊','',74,4.3,5126),
(380,'PROD007298','Hasbro Building Blocks 7455','Hasbro',7,1,5245.76,6620.8,'🧸','',29,3.8,39405),
(381,'PROD003971','L''Oreal Face Wash 9393','L''Oreal',4,2,1277.35,1590.18,'💄','top',107,4.8,41636),
(382,'PROD003500','Adidas Cycle 862','Adidas',5,3,7392.15,9019.47,'⚽','hot',158,4.3,49509),
(383,'PROD009849','Dabur Protein Powder 6172','Dabur',8,4,2615.78,3372.37,'💊','',90,3.6,34995),
(384,'PROD003006','Fisher-Price Remote Car 6277','Fisher-Price',7,5,1830.3,2315.32,'🧸','new',69,4.6,46712),
(385,'PROD001714','Pigeon Blender 6851','Pigeon',3,6,1821.55,2243.57,'🏠','top',83,4.9,6390),
(386,'PROD002551','Himalaya Vitamin C 735','Himalaya',8,7,1282.57,1535.38,'💊','top',31,4.4,9544),
(387,'PROD004509','Pigeon Blender 6274','Pigeon',3,8,7498.06,8358.81,'🏠','',161,4.0,14559),
(388,'PROD001751','Meguiar''s Car Polish 4512','Meguiar''s',10,9,1399.51,1680.34,'🚗','',120,4.8,44524),
(389,'PROD000971','IFB Kettle 8469','IFB',3,10,5436.51,5722.09,'🏠','',93,4.1,44160),
(390,'PROD008518','Puma T-Shirt 4188','Puma',2,1,827.79,889.39,'👕','',151,3.7,31195),
(391,'PROD002796','Himalaya Probiotics 8082','Himalaya',8,2,933.88,1092.69,'💊','top',106,3.5,45030),
(392,'PROD004014','Mattel Board Game 7063','Mattel',7,3,1706.57,2216.83,'🧸','hot',21,3.8,48190),
(393,'PROD006681','LG Headphone 4204','LG',1,4,99549.39,128553.42,'📱','new',137,3.7,18345),
(394,'PROD000538','Puma Saree 5447','Puma',2,5,586.37,634.74,'👕','',39,3.7,23268),
(395,'PROD007648','Bajaj Mixer 3052','Bajaj',3,6,7155.67,7915.59,'🏠','',173,3.9,15853),
(396,'PROD001345','Mattel Board Game 5503','Mattel',7,7,18110.43,21486.9,'🧸','',167,4.7,14350),
(397,'PROD001935','Nivea Serum 5111','Nivea',4,8,1387.13,1687.82,'💄','',161,4.5,7746),
(398,'PROD002424','Penguin Comic 7464','Penguin',6,9,7676.05,9037.85,'📚','',28,3.6,10782),
(399,'PROD003066','Meguiar''s Engine Oil 7357','Meguiar''s',10,10,670.94,740.96,'🚗','',127,4.6,39637),
(400,'PROD006851','3M Engine Oil 6658','3M',10,1,11397.19,14813.1,'🚗','',128,3.7,27603),
(401,'PROD009634','Bajaj Mixer 3094','Bajaj',3,2,2178.19,2806.07,'🏠','',169,4.7,20180),
(402,'PROD007760','Patanjali Multivitamin 3261','Patanjali',8,3,1077.98,1319.52,'💊','new',95,4.9,6102),
(403,'PROD003251','Nike Football 2993','Nike',5,4,7791.89,9443.96,'⚽','',184,4.6,32070),
(404,'PROD006776','Rupa Comic 7233','Rupa',6,5,16728.51,20930.71,'📚','',112,3.5,32132),
(405,'PROD004819','Cipla Fish Oil 4217','Cipla',8,6,1468.31,1651.59,'💊','new',86,3.7,43102),
(406,'PROD003050','Yonex Football 4196','Yonex',5,7,3646.92,4098.99,'⚽','hot',98,3.6,35947),
(407,'PROD002808','Castrol Tyre Inflator 8790','Castrol',10,8,9542.14,11945.36,'🚗','',158,4.9,26376),
(408,'PROD002328','HarperCollins Biography 8744','HarperCollins',6,9,10374.76,11443.56,'📚','',89,5.0,10184),
(409,'PROD001420','Bosch Dash Cam 8814','Bosch',10,10,13629.5,14413.29,'🚗','hot',43,4.8,31134),
(410,'PROD007144','Maybelline Sunscreen 4117','Maybelline',4,1,973.47,1135.22,'💄','',176,3.7,8316),
(411,'PROD008377','Himalaya Probiotics 4566','Himalaya',8,2,2201.8,2776.98,'💊','top',102,4.7,10203),
(412,'PROD008482','Hot Wheels Remote Car 9167','Hot Wheels',7,3,6221.62,6933.95,'🧸','',101,4.6,25067),
(413,'PROD002345','Adidas Sneakers 8212','Adidas',2,4,2294.34,2702.67,'👕','',129,4.0,17137),
(414,'PROD002546','Samsung Headphone 2342','Samsung',1,5,88364.16,103706.42,'📱','hot',169,4.6,5444),
(415,'PROD007366','Rupa Cook Book 7499','Rupa',6,6,19452.59,22354.2,'📚','',109,3.6,38749),
(416,'PROD004561','Puma Yoga Mat 3128','Puma',5,7,9480.1,12145.6,'⚽','',34,3.8,24874),
(417,'PROD009407','Dr. Vaidya Probiotics 3550','Dr. Vaidya',8,8,383.01,430.95,'💊','new',34,3.9,24857),
(418,'PROD005663','Reebok Badminton Racket 9350','Reebok',5,9,9105.28,11487.99,'⚽','',32,4.3,40366),
(419,'PROD009828','HUL Noodles 2592','HUL',9,10,2513.02,2793.86,'🛒','new',169,4.2,12443),
(420,'PROD002402','Castrol Car Perfume 7294','Castrol',10,1,17213.41,22165.78,'🚗','new',111,3.6,5520),
(421,'PROD007936','Morphy Richards Blender 7784','Morphy Richards',3,2,6060.16,7171.24,'🏠','top',27,5.0,39977),
(422,'PROD009478','Maybelline Sunscreen 4171','Maybelline',4,3,1395.35,1615.18,'💄','',144,4.4,25248),
(423,'PROD000070','Lakme Face Wash 5564','Lakme',4,4,2323.8,2778.17,'💄','',47,4.4,42439),
(424,'PROD005588','Bosch Car Polish 488','Bosch',10,5,17919.11,20994.27,'🚗','',196,4.8,23025),
(425,'PROD001532','Levi''s Jeans 5631','Levi''s',2,6,1945.86,2400.22,'👕','top',79,4.7,33741),
(426,'PROD001430','Michelin Dash Cam 7603','Michelin',10,7,6219.83,7296.73,'🚗','',161,3.5,33005),
(427,'PROD001038','Oxford Self-Help Book 6003','Oxford',6,8,11293.93,13812.04,'📚','new',98,4.2,41300),
(428,'PROD007256','HarperCollins Biography 9481','HarperCollins',6,9,792.89,979.17,'📚','hot',171,4.5,10562),
(429,'PROD004741','Havoline Tyre Inflator 4345','Havoline',10,10,6727.58,7331.05,'🚗','hot',192,4.8,43912),
(430,'PROD002545','Castrol Engine Oil 9245','Castrol',10,1,13289.38,14402.32,'🚗','',124,4.1,12142),
(431,'PROD004941','Mango Kurta 3903','Mango',2,2,7307.71,9423.06,'👕','new',34,3.7,34295),
(432,'PROD003343','Dabur Juice 6144','Dabur',9,3,2182.47,2470.14,'🛒','',68,5.0,49003),
(433,'PROD008293','HUL Oats 1553','HUL',9,4,1408.62,1562.48,'🛒','hot',168,4.8,14677),
(434,'PROD003565','Bosch Tyre Inflator 8702','Bosch',10,5,10842.82,12022.74,'🚗','hot',61,3.9,4697),
(435,'PROD003773','Rupa Textbook 4509','Rupa',6,6,15909.34,17054.28,'📚','',126,4.3,37816),
(436,'PROD008289','Cosco Football 8851','Cosco',5,7,600.03,660.2,'⚽','new',112,4.7,39806),
(437,'PROD006522','Nestle Biscuits 5676','Nestle',9,8,782.23,992.77,'🛒','',34,4.3,25375),
(438,'PROD008393','Scholastic Textbook 8060','Scholastic',6,9,17533.57,20123.13,'📚','top',57,4.0,49188),
(439,'PROD007000','Oxford Cook Book 8639','Oxford',6,10,12150.9,15652.35,'📚','',140,4.3,31457),
(440,'PROD001636','Lego Action Figure 8510','Lego',7,1,6965.55,8616.81,'🧸','',162,3.7,39602),
(441,'PROD001647','Dabur Juice 4442','Dabur',9,2,1055.94,1153.13,'🛒','',96,3.8,25010),
(442,'PROD007695','Mango Jacket 6256','Mango',2,3,3087.97,3764.93,'👕','',54,5.0,13510),
(443,'PROD001770','HUL Noodles 8916','HUL',9,4,288.39,354.35,'🛒','hot',53,3.8,29557),
(444,'PROD002308','Britannia Milk 6699','Britannia',9,5,158.17,170.21,'🛒','hot',132,4.0,1849),
(445,'PROD006178','Prestige Blender 5126','Prestige',3,6,13750.83,16081.57,'🏠','',109,4.7,45109),
(446,'PROD000234','Bosch Dash Cam 6138','Bosch',10,7,13521.0,16180.33,'🚗','',44,4.0,20350),
(447,'PROD000020','Funskool Remote Car 2440','Funskool',7,8,5443.63,7045.12,'🧸','hot',151,4.2,4532),
(448,'PROD006204','Reebok Badminton Racket 8163','Reebok',5,9,5448.18,6943.67,'⚽','',126,4.4,31368),
(449,'PROD001013','Penguin Biography 3024','Penguin',6,10,9634.8,11613.26,'📚','top',157,4.6,40095),
(450,'PROD008309','HarperCollins Comic 2537','HarperCollins',6,1,1373.51,1563.44,'📚','new',12,4.4,7298),
(451,'PROD005881','Adidas Kurta 1636','Adidas',2,2,1059.41,1225.75,'👕','',161,4.1,47417),
(452,'PROD006420','Adidas Cycle 4062','Adidas',5,3,802.29,988.26,'⚽','new',9,3.6,25322),
(453,'PROD006897','Puma Dress 745','Puma',2,4,4950.52,5398.19,'👕','hot',33,4.3,44932),
(454,'PROD005612','Nivea Serum 3054','Nivea',4,5,1002.17,1266.74,'💄','new',133,4.0,46844),
(455,'PROD005520','Patanjali Protein Powder 6817','Patanjali',8,6,1380.92,1792.41,'💊','new',34,4.1,23939),
(456,'PROD005330','Dabur Protein Powder 5158','Dabur',8,7,245.75,289.49,'💊','hot',178,3.8,6165),
(457,'PROD002604','Dove Lipstick 6188','Dove',4,8,1712.24,2190.64,'💄','hot',123,4.6,28774),
(458,'PROD002337','Puma Saree 3574','Puma',2,9,1760.01,2156.92,'👕','',20,4.4,21180),
(459,'PROD007623','Oxford Biography 6408','Oxford',6,10,13791.42,17050.82,'📚','new',132,4.6,4230),
(460,'PROD007235','Dabur Multivitamin 4785','Dabur',8,1,1272.54,1471.03,'💊','top',46,4.5,33018),
(461,'PROD004636','H&M Saree 4854','H&M',2,2,2686.16,3145.42,'👕','hot',89,4.6,37024),
(462,'PROD000818','Bosch Tablet 7569','Bosch',1,3,109445.95,122295.88,'📱','',68,4.0,36313),
(463,'PROD000465','Havoline Engine Oil 4154','Havoline',10,4,13669.77,14800.73,'🚗','',151,3.9,24606),
(464,'PROD009375','H&M Jeans 2895','H&M',2,5,6774.6,7453.53,'👕','',61,4.7,36581),
(465,'PROD008103','IFB Toaster 7758','IFB',3,6,15715.0,19837.07,'🏠','',26,4.9,8181),
(466,'PROD003205','Fisher-Price Remote Car 2967','Fisher-Price',7,7,19462.56,22444.1,'🧸','top',182,3.7,42743),
(467,'PROD004173','Morphy Richards Air Fryer 231','Morphy Richards',3,8,4514.73,5636.46,'🏠','',97,3.9,45642),
(468,'PROD007931','Maybelline Moisturizer 4154','Maybelline',4,9,296.03,320.06,'💄','',84,4.1,27185),
(469,'PROD008963','Meguiar''s Dash Cam 7649','Meguiar''s',10,10,9481.5,10741.34,'🚗','',117,5.0,48945),
(470,'PROD002703','Castrol Car Polish 3030','Castrol',10,1,19617.54,24714.29,'🚗','',200,3.8,45454),
(471,'PROD000996','Abbott Vitamin C 8199','Abbott',8,2,1343.97,1673.79,'💊','hot',120,3.8,8450),
(472,'PROD007369','HUL Coffee 2542','HUL',9,3,976.97,1122.55,'🛒','',57,3.7,21415),
(473,'PROD004784','Oxford Textbook 5139','Oxford',6,4,1261.22,1556.78,'📚','',140,4.8,41575),
(474,'PROD003794','Samsung Smartphone 2654','Samsung',1,5,120440.6,127891.47,'📱','hot',39,3.6,14903),
(475,'PROD000165','Fisher-Price Remote Car 4971','Fisher-Price',7,6,17230.3,19414.22,'🧸','top',5,4.8,28093),
(476,'PROD003958','Michelin Engine Oil 4456','Michelin',10,7,10784.52,13657.05,'🚗','',120,4.6,16143),
(477,'PROD003020','Decathlon Football 833','Decathlon',5,8,1811.51,2150.06,'⚽','',109,4.9,23218),
(478,'PROD008539','Dabur Protein Powder 2626','Dabur',8,9,1928.5,2158.95,'💊','',25,4.6,27631),
(479,'PROD001204','Lego Board Game 5591','Lego',7,10,11395.73,14019.06,'🧸','',32,4.2,38674),
(480,'PROD009743','Westland Textbook 3263','Westland',6,1,19230.46,21724.4,'📚','hot',193,4.2,36565),
(481,'PROD002787','Dove Shampoo 8910','Dove',4,2,2623.22,2848.81,'💄','',200,3.8,6960),
(482,'PROD009408','Hot Wheels Remote Car 353','Hot Wheels',7,3,10711.76,11482.57,'🧸','',59,4.8,9736),
(483,'PROD007067','Lego Remote Car 1355','Lego',7,4,5269.82,6053.86,'🧸','new',105,4.4,23181),
(484,'PROD002595','HarperCollins Novel 5366','HarperCollins',6,5,13841.15,16973.0,'📚','new',50,4.0,9443),
(485,'PROD006847','Patanjali Noodles 8929','Patanjali',9,6,1835.86,2042.78,'🛒','',43,4.3,27002),
(486,'PROD005742','Havoline Engine Oil 4278','Havoline',10,7,6468.78,8365.68,'🚗','',46,3.6,2713),
(487,'PROD001231','Biotique Face Wash 5142','Biotique',4,8,934.84,1209.86,'💄','',188,3.6,39143),
(488,'PROD006840','Dell Camera 586','Dell',1,9,66201.32,75763.77,'📱','',62,4.6,448),
(489,'PROD008138','Bosch Tyre Inflator 337','Bosch',10,10,4852.35,6269.18,'🚗','',9,3.7,19532),
(490,'PROD005524','Funskool Board Game 9400','Funskool',7,1,12111.31,14007.63,'🧸','new',64,3.8,47078),
(491,'PROD005086','HarperCollins Cook Book 9875','HarperCollins',6,2,566.63,698.32,'📚','',136,4.3,16459),
(492,'PROD006512','Oxford Self-Help Book 960','Oxford',6,3,14344.09,16455.47,'📚','',45,4.0,5437),
(493,'PROD006841','Lego Board Game 2866','Lego',7,4,17411.21,18471.91,'🧸','',34,3.9,2637),
(494,'PROD003022','Funskool Doll 5174','Funskool',7,5,4255.55,4644.39,'🧸','hot',84,4.8,21710),
(495,'PROD008071','Himalaya Shampoo 1399','Himalaya',4,6,2201.24,2517.81,'💄','hot',156,4.9,36304),
(496,'PROD001501','Himalaya Serum 3800','Himalaya',4,7,1683.05,1856.72,'💄','',163,4.0,49225),
(497,'PROD003720','Hasbro Doll 4081','Hasbro',7,8,17556.53,21844.82,'🧸','',191,4.0,7917),
(498,'PROD009832','Bosch Smartwatch 8038','Bosch',1,9,107040.61,114694.55,'📱','',153,4.8,31197),
(499,'PROD000724','Funskool Remote Car 5298','Funskool',7,10,3648.21,4680.85,'🧸','',160,4.6,21262),
(500,'PROD004705','Adidas Football 6800','Adidas',5,1,1064.36,1128.88,'⚽','',59,4.9,48539);
SELECT setval('products_id_seq',(SELECT MAX(id) FROM products));

-- Orders (50)
INSERT INTO orders (id,order_code,user_id,status,total_amount,payment_method,placed_at) VALUES
(1,'ORD-20240001',14,'Delivered',138163.25,'COD','2024-09-23 10:00:00'),
(2,'ORD-20240002',13,'Shipped',100578.55,'UPI','2024-05-02 11:00:00'),
(3,'ORD-20240003',23,'Pending',73652.09,'UPI','2024-09-27 12:00:00'),
(4,'ORD-20240004',13,'Delivered',33400.93,'Card','2024-12-27 19:00:00'),
(5,'ORD-20240005',13,'Pending',7413.5,'COD','2024-11-03 08:00:00'),
(6,'ORD-20240006',18,'Processing',6945.71,'NetBanking','2024-07-22 22:00:00'),
(7,'ORD-20240007',12,'Pending',137021.53,'UPI','2024-10-13 18:00:00'),
(8,'ORD-20240008',21,'Shipped',140035.14,'NetBanking','2024-03-06 10:00:00'),
(9,'ORD-20240009',20,'Cancelled',85981.26,'Card','2024-07-22 12:00:00'),
(10,'ORD-20240010',21,'Pending',28660.95,'Card','2024-07-23 13:00:00'),
(11,'ORD-20240011',23,'Pending',99970.18,'UPI','2024-10-02 18:00:00'),
(12,'ORD-20240012',19,'Processing',147955.76,'UPI','2024-01-19 09:00:00'),
(13,'ORD-20240013',19,'Delivered',3781.88,'UPI','2024-08-13 09:00:00'),
(14,'ORD-20240014',21,'Pending',12779.35,'COD','2024-08-04 17:00:00'),
(15,'ORD-20240015',21,'Delivered',88962.83,'COD','2024-04-27 17:00:00'),
(16,'ORD-20240016',14,'Processing',139676.18,'NetBanking','2024-11-01 10:00:00'),
(17,'ORD-20240017',16,'Pending',40594.91,'NetBanking','2024-06-23 15:00:00'),
(18,'ORD-20240018',17,'Delivered',104929.17,'NetBanking','2024-02-09 15:00:00'),
(19,'ORD-20240019',18,'Delivered',31791.94,'NetBanking','2024-09-17 21:00:00'),
(20,'ORD-20240020',15,'Cancelled',111015.0,'Card','2024-10-20 14:00:00'),
(21,'ORD-20240021',12,'Delivered',80369.3,'NetBanking','2024-04-04 19:00:00'),
(22,'ORD-20240022',12,'Pending',72477.63,'Card','2024-09-04 22:00:00'),
(23,'ORD-20240023',17,'Shipped',103208.7,'NetBanking','2024-01-05 13:00:00'),
(24,'ORD-20240024',22,'Processing',20843.76,'UPI','2024-01-18 21:00:00'),
(25,'ORD-20240025',16,'Pending',76787.3,'COD','2024-06-03 19:00:00'),
(26,'ORD-20240026',16,'Processing',141010.79,'NetBanking','2024-05-21 17:00:00'),
(27,'ORD-20240027',18,'Processing',60988.03,'COD','2024-02-28 13:00:00'),
(28,'ORD-20240028',21,'Processing',23594.19,'UPI','2024-03-23 12:00:00'),
(29,'ORD-20240029',22,'Cancelled',19365.25,'NetBanking','2024-12-22 18:00:00'),
(30,'ORD-20240030',19,'Shipped',115313.24,'Card','2024-05-16 12:00:00'),
(31,'ORD-20240031',15,'Delivered',73195.72,'COD','2024-03-19 14:00:00'),
(32,'ORD-20240032',23,'Delivered',66599.25,'Card','2024-02-02 10:00:00'),
(33,'ORD-20240033',14,'Delivered',94151.44,'NetBanking','2024-02-04 17:00:00'),
(34,'ORD-20240034',22,'Delivered',113136.76,'UPI','2024-07-21 13:00:00'),
(35,'ORD-20240035',21,'Pending',135451.39,'COD','2024-11-10 11:00:00'),
(36,'ORD-20240036',17,'Delivered',143462.24,'UPI','2024-06-15 11:00:00'),
(37,'ORD-20240037',13,'Delivered',85682.85,'UPI','2024-09-12 11:00:00'),
(38,'ORD-20240038',12,'Delivered',50208.48,'COD','2024-12-22 15:00:00'),
(39,'ORD-20240039',15,'Delivered',108870.53,'COD','2024-11-01 08:00:00'),
(40,'ORD-20240040',18,'Delivered',60046.41,'UPI','2024-12-23 13:00:00'),
(41,'ORD-20240041',12,'Delivered',44241.25,'NetBanking','2024-12-14 13:00:00'),
(42,'ORD-20240042',12,'Delivered',132364.72,'Card','2024-04-09 22:00:00'),
(43,'ORD-20240043',18,'Processing',112782.56,'COD','2024-09-04 21:00:00'),
(44,'ORD-20240044',16,'Pending',30548.93,'COD','2024-12-04 13:00:00'),
(45,'ORD-20240045',18,'Delivered',84375.0,'NetBanking','2024-08-19 21:00:00'),
(46,'ORD-20240046',13,'Delivered',63099.16,'UPI','2024-03-23 10:00:00'),
(47,'ORD-20240047',14,'Shipped',69692.98,'NetBanking','2024-07-22 11:00:00'),
(48,'ORD-20240048',16,'Processing',46039.64,'UPI','2024-08-17 14:00:00'),
(49,'ORD-20240049',17,'Processing',120573.15,'Card','2024-06-17 17:00:00'),
(50,'ORD-20240050',18,'Delivered',659.28,'Card','2024-09-09 18:00:00');
SELECT setval('orders_id_seq',(SELECT MAX(id) FROM orders));

-- Order items
INSERT INTO order_items (order_id,product_id,qty,unit_price) VALUES
(1,347,3,4140.19),
(1,148,3,17506.57),
(2,363,3,25116.7),
(2,434,2,41083.87),
(3,183,1,21119.5),
(3,33,1,11403.52),
(3,347,2,1595.47),
(4,436,1,31352.43),
(4,427,1,39381.79),
(4,249,3,37700.67),
(5,56,1,27103.93),
(6,461,1,24443.09),
(7,351,3,29477.89),
(8,364,1,11217.08),
(9,195,1,31145.84),
(9,351,3,45316.67),
(9,172,1,17619.27),
(10,318,2,1641.89),
(10,419,2,37321.66),
(10,343,2,14748.19),
(11,342,1,16818.64),
(11,500,2,31123.64),
(12,35,3,41302.97),
(12,495,3,42701.52),
(12,63,1,1539.1),
(13,240,3,22714.53),
(13,312,1,32012.3),
(14,480,2,4712.17),
(14,258,1,16895.61),
(14,373,3,29484.36),
(15,440,3,18383.0),
(16,337,3,38027.67),
(16,409,3,20953.48),
(17,38,3,2764.81),
(17,326,2,11240.91),
(17,289,3,28993.95),
(18,153,3,29367.17),
(19,466,1,22067.37),
(20,381,3,46480.59),
(20,365,2,32903.0),
(21,165,1,39085.27),
(21,179,1,39594.41),
(21,122,1,9446.05),
(22,28,1,21977.37),
(22,145,2,40936.68),
(23,148,1,46961.57),
(23,311,1,11363.89),
(24,79,3,24404.48),
(24,28,1,42086.0),
(24,210,3,23221.36),
(25,246,3,24825.81),
(26,94,1,48121.52),
(26,24,2,32395.1),
(26,477,1,23481.94),
(27,351,2,667.7),
(28,21,2,23978.91),
(28,55,1,15438.58),
(29,304,3,15957.16),
(30,425,2,27092.17),
(31,326,2,22383.24),
(31,286,2,47194.88),
(31,68,1,26825.96),
(32,173,3,13257.91),
(33,405,3,13520.77),
(33,416,3,23360.38),
(33,64,3,40235.89),
(34,238,3,10720.91),
(34,82,1,32799.34),
(35,297,2,3950.28),
(35,143,3,19524.09),
(35,342,2,44300.42),
(36,287,3,7146.22),
(36,28,1,1320.23),
(37,421,2,21032.16),
(37,498,3,7814.97),
(38,242,3,45889.59),
(39,90,3,12038.74),
(39,58,2,25960.96),
(40,45,2,27109.37),
(41,229,1,854.62),
(41,392,3,30532.91),
(42,121,1,558.77),
(42,202,1,3575.89),
(43,146,2,1428.77),
(43,452,1,27544.19),
(43,252,2,3845.67),
(44,229,3,34591.07),
(45,353,1,49086.51),
(45,83,2,13560.89),
(46,323,3,11947.16),
(46,68,2,37145.65),
(47,245,3,10326.83),
(47,42,2,19156.27),
(48,355,1,23208.74),
(48,403,2,10332.53),
(48,306,2,6923.49),
(49,428,2,7287.47),
(50,434,2,8767.29),
(50,97,2,36770.04),
(50,392,2,49611.1);

-- ─────────────────────────────────────────────
-- Behavior Events (500 rows from CSV dataset)
-- ─────────────────────────────────────────────
INSERT INTO behavior_events (product_id,session_id,device_type,user_location,views,search,cart,wishlist,purchase,time_spent,event_ts,hour,day_of_week,month) VALUES
(169,'SES08939983','Mobile','Surat',2,5,2,2,3,74.0,'2022-05-23 01:22:52',1,'Monday',5),
(40,'SES06033460','Mobile','Hyderabad',23,9,5,8,3,1603.7,'2023-07-19 18:12:20',18,'Wednesday',7),
(362,'SES01686713','Desktop','Lucknow',41,5,3,1,0,564.2,'2024-02-11 14:54:06',14,'Sunday',2),
(13,'SES02267962','Mobile','Bangalore',13,4,1,6,0,1150.4,'2022-04-18 17:06:16',17,'Monday',4),
(406,'SES04130951','Desktop','Pune',19,8,0,6,1,403.1,'2023-05-05 00:21:38',0,'Friday',5),
(416,'SES01665738','Tablet','Bangalore',30,7,4,0,3,650.9,'2022-11-08 17:40:20',17,'Tuesday',11),
(275,'SES05675633','Desktop','Jaipur',2,3,5,4,0,1491.3,'2022-10-11 06:00:18',6,'Tuesday',10),
(39,'SES03635352','Tablet','Surat',20,4,2,1,1,164.2,'2022-10-29 23:28:57',23,'Saturday',10),
(384,'SES06412300','Mobile','Bangalore',26,3,1,8,1,497.0,'2022-04-02 18:54:33',18,'Saturday',4),
(485,'SES02543865','Desktop','Bangalore',33,3,0,6,1,1674.6,'2022-02-19 16:32:14',16,'Saturday',2),
(418,'SES07729029','Tablet','Mumbai',41,6,4,7,0,18.5,'2023-08-18 22:22:04',22,'Friday',8),
(86,'SES06839355','Tablet','Jaipur',12,8,5,7,3,811.5,'2024-02-19 15:47:40',15,'Monday',2),
(416,'SES09559192','Desktop','Bhopal',40,2,2,8,1,260.1,'2023-03-09 13:03:23',13,'Thursday',3),
(146,'SES08359339','Tablet','Mumbai',13,4,5,5,3,841.3,'2023-04-22 08:27:07',8,'Saturday',4),
(447,'SES06023610','Desktop','Delhi',21,0,3,1,2,1084.0,'2023-08-22 14:41:43',14,'Tuesday',8),
(240,'SES05946156','Tablet','Delhi',36,10,0,5,0,1568.0,'2024-08-04 19:19:09',19,'Sunday',8),
(318,'SES02769746','Tablet','Chennai',11,4,2,8,1,1597.8,'2024-11-15 22:46:18',22,'Friday',11),
(206,'SES02175545','Tablet','Surat',48,3,3,0,1,1096.9,'2023-12-15 22:27:25',22,'Friday',12),
(298,'SES03439013','Tablet','Kolkata',10,10,5,4,0,955.2,'2024-10-06 12:51:18',12,'Sunday',10),
(70,'SES05618474','Mobile','Mumbai',28,10,2,1,0,1367.0,'2023-03-30 09:36:34',9,'Thursday',3),
(201,'SES05504501','Desktop','Kolkata',26,4,1,8,0,13.3,'2022-05-01 04:00:59',4,'Sunday',5),
(268,'SES02034321','Tablet','Bangalore',31,8,5,6,0,599.8,'2024-12-30 20:32:07',20,'Monday',12),
(177,'SES02474924','Tablet','Surat',21,10,3,7,1,487.0,'2022-01-09 13:51:50',13,'Sunday',1),
(450,'SES00142468','Mobile','Bangalore',17,2,2,2,3,937.3,'2023-05-06 02:19:48',2,'Saturday',5),
(187,'SES02222042','Mobile','Lucknow',1,4,0,8,2,1279.9,'2024-10-29 11:44:34',11,'Tuesday',10),
(325,'SES04107954','Desktop','Chennai',47,9,3,6,3,996.5,'2022-07-06 21:47:38',21,'Wednesday',7),
(455,'SES09860388','Mobile','Surat',0,9,1,1,2,709.0,'2022-03-26 19:50:58',19,'Saturday',3),
(5,'SES02694060','Desktop','Hyderabad',4,9,0,4,1,386.6,'2023-01-28 14:13:41',14,'Saturday',1),
(145,'SES06516262','Mobile','Chennai',42,1,3,3,2,979.2,'2024-11-30 20:42:52',20,'Saturday',11),
(147,'SES03336369','Tablet','Bangalore',23,0,0,3,0,987.7,'2024-05-15 17:18:47',17,'Wednesday',5),
(6,'SES02614851','Desktop','Hyderabad',29,5,4,8,1,1263.5,'2023-02-22 11:28:51',11,'Wednesday',2),
(38,'SES08770509','Mobile','Chennai',2,1,5,6,2,114.3,'2022-02-12 07:56:33',7,'Saturday',2),
(420,'SES03675787','Desktop','Mumbai',10,6,4,2,3,241.2,'2023-06-20 17:28:59',17,'Tuesday',6),
(179,'SES05221350','Tablet','Lucknow',7,7,5,5,3,671.5,'2023-01-27 00:40:24',0,'Friday',1),
(357,'SES09359848','Desktop','Kolkata',15,2,2,2,1,1679.5,'2023-12-21 17:42:50',17,'Thursday',12),
(86,'SES02096651','Mobile','Hyderabad',23,3,4,5,0,2.6,'2022-01-21 06:06:35',6,'Friday',1),
(238,'SES07521765','Desktop','Hyderabad',10,9,2,2,1,1540.5,'2024-06-29 16:10:53',16,'Saturday',6),
(58,'SES02728737','Desktop','Hyderabad',6,2,2,1,3,1509.6,'2023-08-03 03:44:37',3,'Thursday',8),
(274,'SES02915494','Tablet','Pune',50,1,0,2,0,92.9,'2023-03-31 11:26:54',11,'Friday',3),
(422,'SES07611910','Desktop','Ahmedabad',27,7,2,2,2,379.3,'2024-12-21 23:18:07',23,'Saturday',12),
(471,'SES07040858','Desktop','Jaipur',9,5,1,3,1,225.0,'2023-06-17 02:59:27',2,'Saturday',6),
(473,'SES05605975','Tablet','Bangalore',4,9,2,4,1,898.0,'2023-03-18 08:57:39',8,'Saturday',3),
(165,'SES03214556','Desktop','Bangalore',4,7,0,7,0,448.3,'2023-06-19 19:46:52',19,'Monday',6),
(301,'SES00168867','Mobile','Hyderabad',27,7,5,6,0,176.9,'2023-05-20 05:50:32',5,'Saturday',5),
(19,'SES09700197','Mobile','Bangalore',4,4,0,3,1,1369.9,'2022-04-10 18:35:51',18,'Sunday',4),
(113,'SES00263810','Desktop','Bangalore',48,0,0,8,2,1530.5,'2024-04-03 18:25:34',18,'Wednesday',4),
(139,'SES06177718','Tablet','Hyderabad',13,10,5,4,2,482.3,'2022-04-06 19:53:08',19,'Wednesday',4),
(170,'SES09822841','Desktop','Hyderabad',10,2,1,6,2,214.1,'2022-01-22 04:00:51',4,'Saturday',1),
(80,'SES07043377','Mobile','Mumbai',8,1,4,6,3,506.0,'2024-09-04 08:48:22',8,'Wednesday',9),
(322,'SES09271684','Desktop','Chennai',35,6,2,5,2,965.8,'2023-12-24 20:56:59',20,'Sunday',12),
(55,'SES08532991','Desktop','Bangalore',14,4,2,3,1,1099.8,'2023-04-20 19:34:49',19,'Thursday',4),
(393,'SES03121404','Tablet','Surat',13,9,2,0,0,517.7,'2023-08-08 16:42:41',16,'Tuesday',8),
(22,'SES07174314','Tablet','Ahmedabad',36,9,2,4,3,1672.6,'2023-10-01 19:06:53',19,'Sunday',10),
(356,'SES03491474','Tablet','Jaipur',13,4,1,1,2,1266.5,'2022-09-19 21:33:31',21,'Monday',9),
(233,'SES02652962','Mobile','Mumbai',7,6,3,5,0,544.0,'2022-09-03 17:51:23',17,'Saturday',9),
(79,'SES01185320','Desktop','Jaipur',7,5,5,5,0,1525.6,'2022-12-08 02:06:13',2,'Thursday',12),
(160,'SES05062656','Tablet','Mumbai',50,3,4,0,2,1174.7,'2023-03-20 13:08:14',13,'Monday',3),
(135,'SES03962787','Mobile','Kolkata',23,5,5,4,2,1683.8,'2024-12-22 03:39:50',3,'Sunday',12),
(307,'SES00998834','Tablet','Delhi',43,3,4,3,0,261.7,'2022-08-05 22:20:46',22,'Friday',8),
(56,'SES02947686','Desktop','Lucknow',37,0,3,2,3,522.7,'2023-03-01 10:44:13',10,'Wednesday',3),
(421,'SES02308744','Desktop','Pune',49,0,4,6,1,137.5,'2024-01-13 10:18:55',10,'Saturday',1),
(408,'SES00217530','Tablet','Hyderabad',7,5,4,1,1,1342.0,'2023-05-31 18:12:41',18,'Wednesday',5),
(363,'SES05074662','Desktop','Surat',46,7,0,0,1,1392.1,'2022-04-26 19:20:02',19,'Tuesday',4),
(7,'SES05130811','Tablet','Mumbai',18,7,4,8,1,1790.5,'2024-03-19 05:35:35',5,'Tuesday',3),
(293,'SES07282480','Tablet','Chennai',23,6,2,3,1,588.5,'2024-05-28 17:50:51',17,'Tuesday',5),
(274,'SES01225521','Tablet','Pune',2,3,1,6,3,335.5,'2022-07-16 01:07:36',1,'Saturday',7),
(125,'SES07586556','Desktop','Hyderabad',24,5,4,8,2,1647.2,'2023-01-24 03:10:59',3,'Tuesday',1),
(468,'SES02731535','Mobile','Mumbai',50,8,0,3,1,1038.5,'2022-05-04 06:37:34',6,'Wednesday',5),
(465,'SES07290741','Tablet','Bhopal',28,6,3,6,3,938.0,'2023-06-14 04:47:12',4,'Wednesday',6),
(492,'SES06035533','Desktop','Pune',36,5,3,4,0,813.2,'2024-01-14 10:13:28',10,'Sunday',1),
(374,'SES00907353','Tablet','Pune',39,6,0,8,1,117.1,'2023-06-30 16:54:07',16,'Friday',6),
(127,'SES03028862','Tablet','Ahmedabad',44,9,3,0,2,380.4,'2023-11-28 15:11:34',15,'Tuesday',11),
(27,'SES07123800','Tablet','Ahmedabad',46,7,1,0,3,389.5,'2024-01-28 07:14:28',7,'Sunday',1),
(162,'SES00552972','Tablet','Kolkata',41,8,2,4,0,1650.4,'2023-01-25 03:59:19',3,'Wednesday',1),
(96,'SES06851546','Tablet','Jaipur',24,2,5,2,1,1030.5,'2022-07-22 06:53:15',6,'Friday',7),
(491,'SES06439671','Mobile','Bangalore',15,9,4,3,3,251.6,'2024-09-12 04:39:55',4,'Thursday',9),
(367,'SES04788615','Mobile','Pune',37,2,0,3,2,1248.6,'2023-03-20 01:50:18',1,'Monday',3),
(418,'SES05296234','Mobile','Bangalore',21,3,5,8,3,88.4,'2024-06-01 00:59:38',0,'Saturday',6),
(73,'SES08654231','Tablet','Pune',40,10,1,6,0,1793.5,'2022-07-10 22:47:16',22,'Sunday',7),
(175,'SES01242154','Tablet','Pune',34,6,4,2,1,1145.5,'2022-06-11 01:09:13',1,'Saturday',6),
(434,'SES08547754','Tablet','Mumbai',50,0,2,6,3,70.0,'2022-04-01 10:37:29',10,'Friday',4),
(474,'SES01535734','Desktop','Delhi',40,6,4,2,1,900.9,'2024-05-05 21:38:38',21,'Sunday',5),
(13,'SES08277731','Mobile','Ahmedabad',34,7,1,2,2,858.3,'2024-01-02 20:48:50',20,'Tuesday',1),
(475,'SES01311236','Desktop','Delhi',15,2,1,8,0,811.4,'2024-04-06 19:45:33',19,'Saturday',4),
(313,'SES00880535','Mobile','Chennai',5,8,4,8,0,272.4,'2023-08-30 23:13:14',23,'Wednesday',8),
(60,'SES02947341','Tablet','Mumbai',27,3,3,2,2,994.8,'2022-02-02 14:45:42',14,'Wednesday',2),
(322,'SES03787422','Mobile','Mumbai',36,6,4,1,1,1168.7,'2023-10-06 13:01:29',13,'Friday',10),
(300,'SES03207056','Mobile','Surat',20,1,3,8,2,1710.4,'2022-08-21 03:59:38',3,'Sunday',8),
(308,'SES00033766','Tablet','Surat',30,5,4,0,0,1123.7,'2024-12-19 20:19:10',20,'Thursday',12),
(224,'SES05703777','Desktop','Bhopal',2,8,0,5,3,1546.9,'2024-05-19 05:56:00',5,'Sunday',5),
(151,'SES01081702','Desktop','Surat',43,7,1,6,3,899.5,'2024-09-08 02:23:21',2,'Sunday',9),
(428,'SES07634809','Mobile','Surat',35,8,3,4,2,1436.6,'2022-09-07 21:13:23',21,'Wednesday',9),
(199,'SES02947213','Mobile','Jaipur',18,9,1,2,2,202.3,'2024-01-20 12:48:36',12,'Saturday',1),
(419,'SES07695537','Desktop','Chennai',6,3,2,6,3,759.4,'2024-09-19 16:51:54',16,'Thursday',9),
(285,'SES08268651','Desktop','Bhopal',17,1,0,2,1,799.3,'2023-10-30 20:22:36',20,'Monday',10),
(235,'SES03026856','Tablet','Mumbai',0,10,2,3,3,526.9,'2023-08-24 10:04:56',10,'Thursday',8),
(387,'SES04061502','Mobile','Bangalore',34,10,0,0,3,34.6,'2022-10-27 03:19:19',3,'Thursday',10),
(474,'SES02542430','Desktop','Bhopal',8,8,2,5,1,989.3,'2024-08-16 22:02:08',22,'Friday',8),
(190,'SES09851763','Mobile','Delhi',24,5,2,0,1,711.9,'2023-12-13 21:58:59',21,'Wednesday',12),
(226,'SES05795743','Mobile','Kolkata',0,5,5,1,3,873.7,'2022-03-22 05:14:13',5,'Tuesday',3),
(83,'SES09135311','Tablet','Kolkata',34,7,4,1,1,286.6,'2022-09-16 04:41:43',4,'Friday',9),
(152,'SES09631899','Mobile','Ahmedabad',32,2,3,8,1,74.0,'2022-03-31 16:09:16',16,'Thursday',3),
(490,'SES07341139','Mobile','Jaipur',17,3,2,8,2,603.1,'2024-06-10 22:22:12',22,'Monday',6),
(105,'SES00446853','Mobile','Ahmedabad',17,1,1,0,0,138.9,'2024-08-19 23:45:43',23,'Monday',8),
(132,'SES02939152','Desktop','Surat',32,5,5,6,1,628.0,'2022-01-14 07:45:32',7,'Friday',1),
(6,'SES05517733','Mobile','Hyderabad',31,0,5,3,3,723.8,'2024-06-24 05:42:35',5,'Monday',6),
(424,'SES02838361','Desktop','Chennai',31,7,0,3,3,1330.3,'2022-03-19 22:51:57',22,'Saturday',3),
(71,'SES06148607','Tablet','Kolkata',7,3,5,5,1,1751.9,'2024-02-29 22:34:07',22,'Thursday',2),
(70,'SES05901083','Desktop','Delhi',43,1,1,8,1,1215.1,'2024-02-27 00:52:10',0,'Tuesday',2),
(188,'SES03965426','Tablet','Delhi',7,9,5,7,1,1320.7,'2024-05-10 03:43:54',3,'Friday',5),
(483,'SES02882508','Tablet','Kolkata',0,3,4,5,2,1077.0,'2022-04-28 10:04:45',10,'Thursday',4),
(93,'SES00417281','Desktop','Bhopal',30,8,5,0,3,58.1,'2023-05-27 09:03:54',9,'Saturday',5),
(18,'SES00858301','Mobile','Bhopal',32,8,5,8,2,1512.2,'2024-07-24 00:44:58',0,'Wednesday',7),
(312,'SES00047730','Mobile','Mumbai',46,5,2,3,0,909.2,'2022-11-22 13:51:31',13,'Tuesday',11),
(10,'SES05908722','Mobile','Bhopal',35,1,4,1,2,679.8,'2022-10-05 21:01:14',21,'Wednesday',10),
(352,'SES05167078','Mobile','Jaipur',37,10,2,8,0,576.6,'2024-05-09 23:56:30',23,'Thursday',5),
(174,'SES02549549','Tablet','Ahmedabad',6,6,3,2,1,133.7,'2023-04-25 19:49:49',19,'Tuesday',4),
(70,'SES03516529','Desktop','Delhi',24,0,5,0,1,1550.7,'2022-08-14 04:07:33',4,'Sunday',8),
(189,'SES08196912','Desktop','Kolkata',11,10,4,0,0,1449.4,'2022-12-03 14:45:21',14,'Saturday',12),
(492,'SES07593544','Tablet','Hyderabad',45,9,0,6,1,60.9,'2022-01-17 20:47:25',20,'Monday',1),
(78,'SES09164383','Tablet','Ahmedabad',25,8,1,8,3,314.6,'2024-07-20 06:52:09',6,'Saturday',7),
(81,'SES03941146','Tablet','Chennai',19,7,2,7,1,600.6,'2023-01-06 16:43:27',16,'Friday',1),
(320,'SES05793130','Tablet','Ahmedabad',17,5,4,1,2,1253.0,'2024-01-04 13:38:43',13,'Thursday',1),
(303,'SES07445792','Mobile','Ahmedabad',1,7,4,3,0,612.4,'2024-12-06 13:54:20',13,'Friday',12),
(76,'SES07858614','Mobile','Bangalore',15,3,2,4,2,1001.6,'2024-05-29 02:40:22',2,'Wednesday',5),
(345,'SES07329468','Mobile','Kolkata',16,6,3,4,2,1538.3,'2024-12-04 03:38:38',3,'Wednesday',12),
(129,'SES03992859','Mobile','Lucknow',40,1,2,7,2,247.2,'2023-10-07 03:25:52',3,'Saturday',10),
(242,'SES01092248','Mobile','Jaipur',48,6,0,2,3,944.1,'2022-09-21 12:54:02',12,'Wednesday',9),
(155,'SES09998782','Mobile','Lucknow',16,0,1,1,2,1556.5,'2023-09-08 08:34:28',8,'Friday',9),
(193,'SES00881158','Mobile','Pune',0,1,1,8,3,161.9,'2022-12-12 19:13:28',19,'Monday',12),
(68,'SES04840892','Mobile','Lucknow',16,10,4,2,3,905.6,'2023-12-18 05:01:37',5,'Monday',12),
(3,'SES09590029','Mobile','Chennai',14,1,3,8,0,1791.5,'2022-10-26 17:25:36',17,'Wednesday',10),
(342,'SES00973432','Mobile','Chennai',25,7,3,3,3,147.2,'2023-10-03 14:15:52',14,'Tuesday',10),
(328,'SES03006693','Mobile','Surat',34,3,5,2,1,1070.5,'2023-07-31 19:43:00',19,'Monday',7),
(91,'SES02315426','Tablet','Delhi',8,7,0,1,0,1547.5,'2024-11-18 17:33:10',17,'Monday',11),
(479,'SES08313110','Mobile','Kolkata',16,8,2,6,3,876.9,'2022-10-28 14:39:33',14,'Friday',10),
(474,'SES03594378','Desktop','Surat',48,1,0,7,0,1618.6,'2022-06-18 01:36:19',1,'Saturday',6),
(476,'SES07226785','Tablet','Bhopal',1,6,4,0,3,1144.3,'2024-01-08 10:27:29',10,'Monday',1),
(221,'SES09180004','Mobile','Ahmedabad',7,1,0,4,2,98.8,'2023-06-27 18:19:34',18,'Tuesday',6),
(195,'SES09327918','Mobile','Hyderabad',50,4,1,7,0,216.5,'2023-07-30 18:17:57',18,'Sunday',7),
(453,'SES00366868','Mobile','Hyderabad',16,8,0,3,2,753.7,'2023-01-27 22:24:02',22,'Friday',1),
(391,'SES06138706','Mobile','Chennai',41,3,4,4,2,904.9,'2022-07-23 00:31:44',0,'Saturday',7),
(112,'SES03490940','Tablet','Jaipur',32,3,5,4,3,381.8,'2023-05-06 15:32:50',15,'Saturday',5),
(237,'SES03366431','Mobile','Lucknow',44,8,2,7,3,519.3,'2022-03-22 00:09:29',0,'Tuesday',3),
(7,'SES06652203','Desktop','Mumbai',14,0,1,4,2,1465.9,'2024-11-23 05:03:13',5,'Saturday',11),
(199,'SES04838769','Desktop','Kolkata',44,5,2,0,0,1501.0,'2022-10-14 11:50:31',11,'Friday',10),
(448,'SES05532039','Desktop','Delhi',47,10,5,4,0,1622.4,'2023-01-16 12:56:41',12,'Monday',1),
(166,'SES05279422','Mobile','Jaipur',50,4,5,6,0,1046.8,'2023-06-03 02:00:01',2,'Saturday',6),
(485,'SES02429537','Mobile','Hyderabad',4,3,1,3,2,1615.6,'2023-06-11 14:09:01',14,'Sunday',6),
(102,'SES06445158','Desktop','Lucknow',36,2,0,3,2,982.4,'2023-01-01 19:00:49',19,'Sunday',1),
(351,'SES04985093','Desktop','Mumbai',35,3,0,5,1,980.0,'2024-09-17 20:56:29',20,'Tuesday',9),
(271,'SES08401817','Desktop','Kolkata',7,6,0,0,1,736.8,'2023-03-13 23:45:49',23,'Monday',3),
(245,'SES09653828','Tablet','Chennai',15,4,4,8,3,918.2,'2024-12-07 19:30:15',19,'Saturday',12),
(123,'SES06531433','Tablet','Surat',5,9,3,6,1,1674.0,'2023-10-02 02:10:32',2,'Monday',10),
(65,'SES01222652','Desktop','Pune',27,7,3,0,0,186.6,'2024-02-11 18:02:41',18,'Sunday',2),
(242,'SES08693685','Mobile','Kolkata',46,4,2,0,0,1105.0,'2023-04-19 17:38:26',17,'Wednesday',4),
(79,'SES03132893','Tablet','Jaipur',10,10,1,0,2,380.3,'2024-12-26 02:23:26',2,'Thursday',12),
(420,'SES05911297','Mobile','Hyderabad',30,1,2,8,3,1509.2,'2023-07-03 03:19:34',3,'Monday',7),
(205,'SES03959580','Desktop','Surat',49,0,3,5,3,1270.0,'2023-07-21 05:58:34',5,'Friday',7),
(260,'SES03248919','Mobile','Kolkata',3,2,0,2,3,1598.9,'2022-01-14 01:19:43',1,'Friday',1),
(73,'SES01121044','Tablet','Bangalore',26,6,4,2,1,163.8,'2024-11-01 05:34:18',5,'Friday',11),
(418,'SES06997764','Desktop','Kolkata',3,5,4,1,2,1628.1,'2023-11-07 09:12:37',9,'Tuesday',11),
(83,'SES03930707','Tablet','Mumbai',17,1,0,6,3,482.2,'2024-03-15 19:30:32',19,'Friday',3),
(243,'SES08862787','Mobile','Delhi',30,1,0,8,2,1324.3,'2023-08-17 17:21:31',17,'Thursday',8),
(209,'SES05061843','Mobile','Pune',38,8,2,2,3,913.6,'2024-10-01 17:42:16',17,'Tuesday',10),
(312,'SES09214497','Desktop','Jaipur',45,1,0,6,0,1111.3,'2022-06-17 17:18:15',17,'Friday',6),
(345,'SES05785089','Tablet','Jaipur',17,7,0,6,1,22.3,'2024-08-29 18:18:25',18,'Thursday',8),
(29,'SES03625906','Desktop','Surat',19,0,0,8,2,630.8,'2022-07-12 19:11:29',19,'Tuesday',7),
(327,'SES02708812','Mobile','Surat',44,7,0,3,0,636.6,'2023-07-03 23:07:55',23,'Monday',7),
(125,'SES08012203','Desktop','Surat',39,0,1,6,2,691.3,'2022-11-29 00:02:27',0,'Tuesday',11),
(254,'SES01114634','Desktop','Delhi',12,4,4,7,3,1290.8,'2023-07-17 11:16:25',11,'Monday',7),
(151,'SES07216949','Mobile','Lucknow',17,4,5,2,3,960.3,'2024-01-02 22:17:01',22,'Tuesday',1),
(359,'SES02283824','Tablet','Chennai',38,9,2,5,0,1273.4,'2024-02-19 17:16:04',17,'Monday',2),
(166,'SES07327213','Tablet','Delhi',6,10,2,7,2,1467.3,'2024-08-16 02:31:48',2,'Friday',8),
(376,'SES06385571','Mobile','Jaipur',28,1,2,4,1,194.6,'2023-10-23 07:42:40',7,'Monday',10),
(57,'SES00660252','Mobile','Jaipur',47,9,2,6,3,1443.5,'2024-07-12 14:29:17',14,'Friday',7),
(386,'SES02148094','Desktop','Ahmedabad',29,0,1,7,0,484.1,'2023-08-20 21:16:37',21,'Sunday',8),
(490,'SES07691926','Desktop','Surat',35,9,5,8,1,438.5,'2022-08-28 15:55:36',15,'Sunday',8),
(481,'SES01125054','Tablet','Hyderabad',8,2,1,2,3,42.3,'2023-05-10 06:11:56',6,'Wednesday',5),
(409,'SES08951595','Mobile','Hyderabad',6,3,2,8,1,1334.3,'2024-06-03 08:32:52',8,'Monday',6),
(78,'SES09466983','Mobile','Jaipur',5,8,4,1,1,1693.5,'2022-02-27 14:40:51',14,'Sunday',2),
(363,'SES02238728','Desktop','Pune',19,7,0,2,2,43.6,'2024-10-24 00:00:39',0,'Thursday',10),
(185,'SES04736766','Desktop','Hyderabad',25,9,5,6,3,1184.6,'2022-03-20 10:35:42',10,'Sunday',3),
(434,'SES09754652','Tablet','Surat',50,0,1,1,3,246.0,'2024-01-28 04:36:12',4,'Sunday',1),
(285,'SES09846987','Desktop','Mumbai',22,9,1,3,1,353.4,'2022-08-05 08:58:45',8,'Friday',8),
(398,'SES02970039','Desktop','Pune',36,2,2,3,3,110.3,'2023-02-23 20:04:04',20,'Thursday',2),
(277,'SES01566099','Mobile','Chennai',45,6,5,5,1,1409.1,'2023-11-09 17:58:57',17,'Thursday',11),
(379,'SES02378611','Desktop','Bangalore',20,6,5,0,1,1514.0,'2022-12-09 09:56:59',9,'Friday',12),
(289,'SES06891977','Tablet','Kolkata',25,9,1,5,2,1147.8,'2024-06-16 13:51:36',13,'Sunday',6),
(130,'SES06616062','Mobile','Kolkata',7,1,2,0,1,1637.8,'2023-12-25 12:33:49',12,'Monday',12),
(211,'SES06116687','Desktop','Lucknow',9,2,2,7,1,22.0,'2024-04-03 00:27:31',0,'Wednesday',4),
(33,'SES01206480','Desktop','Jaipur',8,3,5,8,0,449.9,'2022-02-20 13:24:49',13,'Sunday',2),
(461,'SES05998445','Desktop','Surat',28,6,4,7,0,1367.2,'2023-05-25 18:55:34',18,'Thursday',5),
(125,'SES02464652','Desktop','Mumbai',30,4,4,0,1,55.5,'2024-11-01 07:25:25',7,'Friday',11),
(292,'SES02078086','Mobile','Jaipur',28,4,1,5,2,662.4,'2022-06-16 03:02:48',3,'Thursday',6),
(119,'SES09736880','Mobile','Jaipur',34,8,3,6,0,903.1,'2024-11-15 22:15:22',22,'Friday',11),
(460,'SES03996299','Tablet','Mumbai',18,5,0,2,0,1767.3,'2024-01-28 00:53:09',0,'Sunday',1),
(82,'SES09837787','Mobile','Surat',29,6,5,3,2,1036.7,'2024-08-11 11:27:12',11,'Sunday',8),
(105,'SES02421160','Mobile','Bangalore',44,7,0,0,2,1397.1,'2022-01-22 08:23:31',8,'Saturday',1),
(322,'SES09020708','Desktop','Mumbai',46,4,4,2,3,154.9,'2024-05-17 20:24:11',20,'Friday',5),
(160,'SES01313881','Tablet','Kolkata',25,2,0,0,1,1684.1,'2022-11-27 16:40:28',16,'Sunday',11),
(202,'SES01710760','Tablet','Surat',3,5,1,0,2,287.2,'2023-03-30 18:29:52',18,'Thursday',3),
(223,'SES07181324','Mobile','Bangalore',26,9,2,8,3,1119.8,'2024-03-22 15:50:59',15,'Friday',3),
(366,'SES04405368','Tablet','Mumbai',14,3,0,1,1,14.5,'2023-06-20 01:31:29',1,'Tuesday',6),
(441,'SES00373248','Mobile','Lucknow',39,0,0,6,0,667.5,'2022-06-05 11:27:43',11,'Sunday',6),
(202,'SES04280533','Desktop','Chennai',49,5,3,5,2,1104.7,'2022-07-16 21:49:39',21,'Saturday',7),
(351,'SES01133571','Mobile','Surat',19,0,1,1,0,1722.0,'2022-07-11 01:40:18',1,'Monday',7),
(342,'SES06127426','Mobile','Jaipur',10,10,3,2,1,298.2,'2022-01-10 02:29:06',2,'Monday',1),
(439,'SES09819330','Tablet','Jaipur',13,5,5,2,0,94.8,'2024-04-06 05:11:54',5,'Saturday',4),
(490,'SES06612484','Desktop','Ahmedabad',29,1,3,2,1,597.0,'2022-04-19 15:31:51',15,'Tuesday',4),
(176,'SES02277959','Mobile','Mumbai',48,2,2,0,2,525.3,'2024-02-06 05:01:22',5,'Tuesday',2),
(310,'SES00160531','Tablet','Kolkata',0,9,1,3,2,1195.9,'2024-07-31 13:36:22',13,'Wednesday',7),
(451,'SES08721318','Tablet','Hyderabad',49,10,1,6,3,1494.0,'2024-08-13 07:02:44',7,'Tuesday',8),
(305,'SES02865107','Tablet','Jaipur',28,6,2,3,2,869.4,'2023-11-28 10:46:43',10,'Tuesday',11),
(278,'SES07619851','Desktop','Ahmedabad',13,1,3,1,0,1025.8,'2022-11-25 21:36:02',21,'Friday',11),
(217,'SES01344522','Tablet','Jaipur',33,4,3,8,2,385.7,'2022-11-12 21:41:56',21,'Saturday',11),
(178,'SES08496016','Tablet','Ahmedabad',50,7,0,6,2,1472.8,'2024-12-27 06:06:34',6,'Friday',12),
(316,'SES06122046','Tablet','Pune',5,2,4,7,1,1075.4,'2023-08-13 01:59:38',1,'Sunday',8),
(116,'SES08776314','Tablet','Ahmedabad',3,3,4,1,1,1182.2,'2023-03-23 19:43:50',19,'Thursday',3),
(298,'SES03674754','Mobile','Bangalore',32,0,2,6,0,611.5,'2023-01-18 14:10:54',14,'Wednesday',1),
(44,'SES09775134','Mobile','Delhi',4,1,1,2,2,1149.9,'2022-10-27 00:03:46',0,'Thursday',10),
(356,'SES01351684','Desktop','Kolkata',47,1,2,0,3,636.3,'2022-04-25 07:20:12',7,'Monday',4),
(102,'SES05386310','Mobile','Delhi',7,0,2,6,1,419.9,'2022-01-24 04:53:23',4,'Monday',1),
(1,'SES01272134','Mobile','Hyderabad',3,6,4,5,1,159.6,'2024-10-15 23:16:11',23,'Tuesday',10),
(165,'SES06971415','Desktop','Surat',15,9,5,6,3,1771.8,'2024-05-31 16:09:31',16,'Friday',5),
(408,'SES02060276','Desktop','Lucknow',11,3,1,4,1,1671.5,'2022-12-06 22:07:57',22,'Tuesday',12),
(249,'SES07252213','Desktop','Delhi',20,7,3,5,1,292.9,'2024-04-07 11:51:07',11,'Sunday',4),
(265,'SES03018543','Mobile','Ahmedabad',5,4,1,6,0,1039.3,'2024-11-18 20:19:04',20,'Monday',11),
(34,'SES04581419','Mobile','Delhi',31,0,4,8,1,473.8,'2022-09-05 13:59:25',13,'Monday',9),
(348,'SES01649577','Tablet','Kolkata',33,2,0,5,1,1057.7,'2024-10-30 16:26:12',16,'Wednesday',10),
(281,'SES01283033','Tablet','Pune',11,5,4,2,2,4.7,'2022-10-19 19:01:03',19,'Wednesday',10),
(292,'SES01315799','Tablet','Bhopal',0,4,1,4,3,1032.9,'2022-11-23 19:43:17',19,'Wednesday',11),
(280,'SES07741569','Tablet','Ahmedabad',10,2,3,1,3,94.7,'2024-09-03 11:36:37',11,'Tuesday',9),
(461,'SES05825202','Desktop','Kolkata',37,8,1,7,1,491.5,'2022-03-23 19:14:09',19,'Wednesday',3),
(294,'SES06308062','Tablet','Jaipur',20,1,0,1,0,1404.8,'2024-08-28 19:19:14',19,'Wednesday',8),
(111,'SES01764260','Mobile','Ahmedabad',5,0,1,8,0,92.3,'2024-05-26 20:52:47',20,'Sunday',5),
(50,'SES07375442','Mobile','Bhopal',34,1,2,6,0,1286.7,'2022-02-01 20:14:07',20,'Tuesday',2),
(246,'SES08613674','Tablet','Pune',3,4,1,6,0,1426.4,'2023-11-29 10:05:31',10,'Wednesday',11),
(493,'SES00441118','Mobile','Hyderabad',16,0,0,2,0,598.9,'2023-12-06 21:55:57',21,'Wednesday',12),
(302,'SES07166008','Desktop','Pune',11,8,4,8,3,698.0,'2023-01-22 01:30:34',1,'Sunday',1),
(250,'SES01070913','Mobile','Jaipur',45,3,1,1,2,688.6,'2024-03-20 19:45:36',19,'Wednesday',3),
(162,'SES00767254','Tablet','Kolkata',49,5,0,4,3,455.7,'2023-07-18 04:59:33',4,'Tuesday',7),
(159,'SES01450747','Desktop','Bhopal',32,5,2,1,1,995.0,'2023-04-11 08:22:53',8,'Tuesday',4),
(117,'SES09317584','Tablet','Delhi',47,1,3,6,2,687.1,'2022-10-30 12:14:17',12,'Sunday',10),
(443,'SES05484769','Tablet','Delhi',40,10,0,8,0,1244.9,'2024-09-20 14:01:56',14,'Friday',9),
(157,'SES07590576','Tablet','Bhopal',33,6,3,2,1,178.3,'2023-05-28 19:25:33',19,'Sunday',5),
(317,'SES09565441','Tablet','Bangalore',32,3,1,1,2,1462.1,'2024-02-27 17:56:56',17,'Tuesday',2),
(293,'SES02251310','Desktop','Pune',19,0,4,1,3,1207.4,'2022-06-23 23:23:47',23,'Thursday',6),
(440,'SES07973000','Tablet','Mumbai',41,5,2,6,0,1154.1,'2023-07-15 21:33:41',21,'Saturday',7),
(465,'SES05687861','Mobile','Ahmedabad',41,10,5,5,1,6.1,'2023-12-31 13:44:19',13,'Sunday',12),
(484,'SES01471927','Tablet','Delhi',50,5,5,7,2,234.6,'2022-10-02 21:33:46',21,'Sunday',10),
(64,'SES05846937','Desktop','Hyderabad',12,1,5,8,2,1554.6,'2023-11-30 15:52:10',15,'Thursday',11),
(397,'SES04096887','Tablet','Kolkata',2,2,3,2,3,954.7,'2022-07-21 04:05:44',4,'Thursday',7),
(285,'SES09379431','Mobile','Hyderabad',48,1,0,5,0,1244.9,'2024-03-24 01:45:24',1,'Sunday',3),
(167,'SES08267823','Mobile','Mumbai',0,10,4,0,1,438.7,'2024-03-27 15:04:54',15,'Wednesday',3),
(295,'SES09931818','Desktop','Surat',20,3,4,2,1,1014.8,'2024-02-23 11:56:47',11,'Friday',2),
(100,'SES04119198','Mobile','Surat',9,8,4,1,1,917.1,'2024-12-22 14:27:26',14,'Sunday',12),
(426,'SES09111759','Mobile','Kolkata',40,5,1,5,1,1092.3,'2023-01-24 05:03:38',5,'Tuesday',1),
(331,'SES05716099','Desktop','Mumbai',1,1,3,7,1,668.9,'2022-05-08 12:26:08',12,'Sunday',5),
(381,'SES05175717','Tablet','Lucknow',9,8,2,1,0,721.2,'2023-08-11 07:57:30',7,'Friday',8),
(462,'SES05472670','Mobile','Kolkata',24,0,4,8,1,1775.0,'2024-09-18 14:14:51',14,'Wednesday',9),
(328,'SES01443097','Mobile','Kolkata',19,10,4,5,0,559.0,'2023-05-01 18:39:03',18,'Monday',5),
(451,'SES09982598','Tablet','Bangalore',8,1,0,2,1,1606.2,'2024-05-24 15:01:53',15,'Friday',5),
(471,'SES07676410','Mobile','Delhi',49,7,3,6,0,618.0,'2023-01-10 13:30:36',13,'Tuesday',1),
(411,'SES05447987','Desktop','Surat',50,7,3,6,3,890.9,'2023-12-29 05:40:21',5,'Friday',12),
(29,'SES08779373','Tablet','Kolkata',45,3,3,0,0,96.3,'2023-11-29 12:08:14',12,'Wednesday',11),
(287,'SES07718445','Desktop','Delhi',30,10,4,4,1,1070.5,'2023-11-20 12:43:05',12,'Monday',11),
(252,'SES09906053','Tablet','Jaipur',6,4,0,2,0,986.8,'2023-06-26 16:26:21',16,'Monday',6),
(57,'SES02420195','Mobile','Bhopal',47,10,0,4,1,793.1,'2023-02-06 02:07:11',2,'Monday',2),
(492,'SES01491179','Mobile','Jaipur',26,4,2,6,0,1183.0,'2022-06-30 14:48:14',14,'Thursday',6),
(242,'SES09391526','Tablet','Surat',2,5,5,2,3,1385.7,'2024-03-03 10:12:44',10,'Sunday',3),
(172,'SES09174390','Mobile','Pune',9,1,2,5,0,104.4,'2024-01-09 01:47:57',1,'Tuesday',1),
(81,'SES02940161','Tablet','Bhopal',49,5,0,6,2,117.6,'2023-03-14 02:49:59',2,'Tuesday',3),
(173,'SES01094600','Mobile','Delhi',3,9,0,1,1,1497.5,'2022-10-31 17:46:50',17,'Monday',10),
(457,'SES00550155','Desktop','Mumbai',36,0,0,7,1,1038.4,'2022-03-05 15:42:37',15,'Saturday',3),
(117,'SES06669756','Tablet','Delhi',8,3,2,1,0,30.2,'2024-08-24 11:20:08',11,'Saturday',8),
(422,'SES05116303','Tablet','Chennai',2,10,3,5,1,1079.5,'2024-12-01 10:53:43',10,'Sunday',12),
(211,'SES04375974','Desktop','Chennai',17,10,0,1,2,898.6,'2023-11-27 21:04:44',21,'Monday',11),
(5,'SES00617350','Desktop','Surat',5,1,4,6,3,506.9,'2024-12-17 16:43:25',16,'Tuesday',12),
(152,'SES05906293','Tablet','Lucknow',27,6,3,5,0,1536.5,'2023-07-03 06:48:20',6,'Monday',7),
(171,'SES04011058','Tablet','Hyderabad',48,0,0,3,3,259.6,'2023-06-05 05:58:46',5,'Monday',6),
(342,'SES07286172','Mobile','Bhopal',31,8,0,8,3,761.5,'2023-08-08 20:14:37',20,'Tuesday',8),
(320,'SES01193118','Desktop','Bhopal',22,8,3,3,0,1543.8,'2024-11-18 06:55:56',6,'Monday',11),
(264,'SES06951267','Tablet','Pune',49,7,1,2,0,1530.7,'2022-04-04 14:09:37',14,'Monday',4),
(271,'SES07577209','Tablet','Surat',26,8,5,3,1,395.0,'2024-03-06 01:57:15',1,'Wednesday',3),
(270,'SES04653930','Tablet','Ahmedabad',0,5,4,8,2,1255.7,'2023-10-21 19:11:13',19,'Saturday',10),
(302,'SES09102803','Desktop','Chennai',45,2,2,0,1,590.2,'2023-03-08 21:19:06',21,'Wednesday',3),
(69,'SES08737940','Desktop','Bangalore',15,1,0,4,3,1355.4,'2023-12-26 03:07:28',3,'Tuesday',12),
(354,'SES08834851','Mobile','Kolkata',2,6,3,3,1,412.0,'2023-06-05 04:37:21',4,'Monday',6),
(499,'SES00615525','Mobile','Delhi',22,1,4,6,3,1118.4,'2022-02-24 22:13:39',22,'Thursday',2),
(74,'SES07687635','Mobile','Ahmedabad',31,3,3,8,1,884.0,'2022-01-07 22:54:43',22,'Friday',1),
(249,'SES02439681','Mobile','Delhi',25,7,0,1,3,312.2,'2024-01-09 16:38:47',16,'Tuesday',1),
(2,'SES02661687','Mobile','Bhopal',6,6,4,0,1,487.3,'2024-04-09 21:23:36',21,'Tuesday',4),
(16,'SES02206221','Tablet','Mumbai',0,0,0,3,1,805.7,'2022-12-17 19:49:38',19,'Saturday',12),
(224,'SES08940239','Tablet','Lucknow',22,6,3,3,3,654.2,'2023-10-18 00:32:25',0,'Wednesday',10),
(134,'SES06972326','Mobile','Surat',39,8,0,4,1,1282.7,'2023-06-02 07:58:44',7,'Friday',6),
(104,'SES00535135','Desktop','Chennai',36,5,5,3,2,413.1,'2024-08-11 16:51:55',16,'Sunday',8),
(393,'SES00327524','Desktop','Ahmedabad',8,3,2,3,0,860.0,'2023-01-16 23:45:16',23,'Monday',1),
(153,'SES00920131','Desktop','Delhi',23,6,0,6,2,1169.2,'2023-01-25 18:57:36',18,'Wednesday',1),
(259,'SES03464756','Desktop','Bangalore',41,5,0,5,1,1709.0,'2023-05-11 18:31:02',18,'Thursday',5),
(179,'SES09129424','Tablet','Surat',27,3,2,6,2,1308.1,'2024-06-01 12:01:37',12,'Saturday',6),
(153,'SES02121997','Tablet','Kolkata',24,6,3,2,0,624.0,'2022-09-29 23:36:29',23,'Thursday',9),
(379,'SES06596621','Tablet','Kolkata',23,1,3,2,3,84.0,'2024-05-03 18:12:22',18,'Friday',5),
(444,'SES04798557','Mobile','Pune',39,8,4,4,0,1417.5,'2023-08-29 21:40:09',21,'Tuesday',8),
(394,'SES06881370','Tablet','Hyderabad',44,0,2,4,0,1413.6,'2024-10-20 08:21:09',8,'Sunday',10),
(401,'SES02151955','Tablet','Delhi',31,6,0,8,3,1463.1,'2023-04-10 08:37:35',8,'Monday',4),
(281,'SES04453972','Mobile','Bangalore',49,1,2,1,0,76.4,'2023-11-15 20:00:21',20,'Wednesday',11),
(362,'SES06798464','Tablet','Delhi',24,7,5,0,3,1526.6,'2024-12-06 12:20:56',12,'Friday',12),
(253,'SES07041525','Desktop','Kolkata',45,6,0,6,1,1174.8,'2023-10-10 22:12:28',22,'Tuesday',10),
(124,'SES00414914','Mobile','Ahmedabad',16,3,5,3,1,174.2,'2024-03-11 23:55:34',23,'Monday',3),
(209,'SES06475794','Mobile','Mumbai',35,10,0,5,3,1470.7,'2024-08-11 23:35:24',23,'Sunday',8),
(185,'SES01912088','Tablet','Chennai',48,6,0,6,1,1081.2,'2024-12-16 18:55:52',18,'Monday',12),
(280,'SES02682560','Desktop','Surat',48,0,1,8,2,720.7,'2024-12-27 08:14:25',8,'Friday',12),
(181,'SES08036535','Desktop','Mumbai',1,5,1,1,2,694.5,'2023-02-08 16:05:12',16,'Wednesday',2),
(225,'SES06187190','Tablet','Surat',29,2,1,1,3,907.7,'2022-11-30 12:00:30',12,'Wednesday',11),
(461,'SES07530771','Tablet','Jaipur',30,5,3,6,0,867.5,'2022-09-29 13:00:22',13,'Thursday',9),
(483,'SES00562737','Tablet','Jaipur',32,4,5,4,1,1626.2,'2022-10-17 10:05:34',10,'Monday',10),
(477,'SES07816295','Desktop','Lucknow',8,1,5,3,0,148.7,'2024-12-04 03:05:55',3,'Wednesday',12),
(455,'SES07801398','Mobile','Kolkata',43,0,3,0,1,1127.4,'2023-05-24 16:26:40',16,'Wednesday',5),
(441,'SES04018168','Mobile','Ahmedabad',39,6,3,7,3,988.8,'2023-08-18 18:09:26',18,'Friday',8),
(63,'SES07517153','Mobile','Mumbai',0,0,1,2,0,1327.2,'2023-12-01 18:15:12',18,'Friday',12),
(230,'SES00705777','Desktop','Chennai',11,6,0,3,2,257.0,'2022-06-29 09:48:04',9,'Wednesday',6),
(3,'SES02545736','Mobile','Chennai',32,6,5,7,3,1305.3,'2023-04-20 20:14:40',20,'Thursday',4),
(447,'SES01415499','Tablet','Surat',14,10,2,5,1,1760.3,'2023-07-19 00:26:10',0,'Wednesday',7),
(231,'SES03838735','Tablet','Lucknow',40,4,2,2,3,750.3,'2023-11-03 22:55:05',22,'Friday',11),
(457,'SES02912609','Desktop','Hyderabad',49,8,5,6,0,485.7,'2024-12-10 11:54:35',11,'Tuesday',12),
(150,'SES05926443','Tablet','Chennai',3,10,1,4,2,1226.6,'2023-04-20 15:34:48',15,'Thursday',4),
(28,'SES09479827','Desktop','Kolkata',36,1,4,1,1,25.4,'2024-02-24 17:34:27',17,'Saturday',2),
(431,'SES02136135','Tablet','Ahmedabad',35,0,2,5,0,1270.8,'2022-06-29 14:53:39',14,'Wednesday',6),
(355,'SES00818706','Desktop','Jaipur',24,1,1,4,1,1147.2,'2024-12-07 03:08:35',3,'Saturday',12),
(226,'SES02748067','Mobile','Pune',2,2,2,2,1,90.6,'2022-06-24 08:40:44',8,'Friday',6),
(335,'SES02029636','Mobile','Jaipur',15,3,4,3,1,249.0,'2022-01-27 09:39:40',9,'Thursday',1),
(294,'SES02454856','Tablet','Delhi',50,9,1,3,1,1590.9,'2024-03-07 15:26:57',15,'Thursday',3),
(499,'SES09197398','Mobile','Ahmedabad',42,4,4,7,1,1379.1,'2022-09-08 02:53:48',2,'Thursday',9),
(206,'SES04782690','Desktop','Lucknow',22,3,1,1,2,1343.9,'2023-08-09 18:46:32',18,'Wednesday',8),
(468,'SES04783884','Tablet','Ahmedabad',17,2,2,0,2,1749.6,'2024-11-02 16:25:24',16,'Saturday',11),
(494,'SES07680615','Mobile','Jaipur',2,3,0,0,1,665.6,'2022-03-03 08:33:01',8,'Thursday',3),
(129,'SES06589247','Mobile','Jaipur',48,8,1,4,0,1598.0,'2023-01-13 09:45:05',9,'Friday',1),
(418,'SES08985910','Mobile','Bhopal',23,7,3,5,0,1100.2,'2023-09-29 00:37:16',0,'Friday',9),
(135,'SES09012574','Mobile','Chennai',43,10,2,6,2,1685.5,'2024-07-09 00:59:12',0,'Tuesday',7),
(305,'SES05934989','Tablet','Chennai',16,5,1,8,3,1629.2,'2022-11-14 18:21:21',18,'Monday',11),
(134,'SES00930854','Tablet','Hyderabad',27,2,5,5,0,987.7,'2024-09-18 23:53:13',23,'Wednesday',9),
(26,'SES00884186','Tablet','Lucknow',45,0,3,7,2,293.9,'2024-12-05 08:58:48',8,'Thursday',12),
(210,'SES09705938','Desktop','Kolkata',34,6,3,6,0,948.0,'2022-04-05 18:00:39',18,'Tuesday',4),
(69,'SES07964730','Desktop','Jaipur',10,9,5,8,2,925.7,'2022-10-03 00:59:37',0,'Monday',10),
(253,'SES08061728','Desktop','Mumbai',39,6,3,0,2,516.2,'2024-12-27 02:58:13',2,'Friday',12),
(134,'SES06537048','Desktop','Ahmedabad',48,3,0,5,2,156.7,'2023-07-08 18:12:15',18,'Saturday',7),
(430,'SES02149954','Tablet','Hyderabad',7,4,0,4,3,1091.2,'2024-01-30 19:54:17',19,'Tuesday',1),
(417,'SES02415433','Desktop','Lucknow',36,6,1,7,2,645.8,'2022-03-19 02:48:10',2,'Saturday',3),
(99,'SES08176360','Mobile','Hyderabad',21,4,4,6,1,378.6,'2024-12-24 02:45:30',2,'Tuesday',12),
(172,'SES07251083','Mobile','Kolkata',22,6,3,2,1,1780.2,'2023-02-28 11:11:04',11,'Tuesday',2),
(28,'SES04175163','Desktop','Lucknow',27,3,4,0,1,1093.2,'2024-03-10 13:36:44',13,'Sunday',3),
(105,'SES03624034','Tablet','Kolkata',24,2,4,5,1,1594.0,'2024-07-24 23:43:48',23,'Wednesday',7),
(398,'SES02888262','Mobile','Lucknow',5,6,0,7,3,1580.2,'2022-10-09 04:51:12',4,'Sunday',10),
(448,'SES06646826','Mobile','Delhi',38,4,2,4,1,245.9,'2024-04-16 00:36:07',0,'Tuesday',4),
(479,'SES04891203','Mobile','Chennai',49,9,5,5,0,324.7,'2023-04-11 23:15:20',23,'Tuesday',4),
(306,'SES02731616','Tablet','Delhi',24,9,3,1,3,938.8,'2022-03-23 12:04:14',12,'Wednesday',3),
(47,'SES06044584','Desktop','Lucknow',5,9,3,6,2,738.9,'2023-11-27 05:40:40',5,'Monday',11),
(154,'SES05468467','Desktop','Chennai',4,9,1,5,0,1609.9,'2024-04-07 04:00:56',4,'Sunday',4),
(376,'SES01541326','Desktop','Ahmedabad',33,1,3,3,1,98.3,'2022-02-04 15:49:25',15,'Friday',2),
(210,'SES05018525','Tablet','Pune',31,10,1,7,3,766.4,'2023-06-14 13:45:05',13,'Wednesday',6),
(197,'SES03559167','Mobile','Lucknow',39,6,3,2,0,1633.7,'2022-04-11 10:07:04',10,'Monday',4),
(438,'SES03910293','Desktop','Pune',22,0,2,7,1,1373.5,'2022-03-05 13:48:53',13,'Saturday',3),
(280,'SES05042014','Tablet','Ahmedabad',30,3,0,6,1,1447.1,'2022-07-22 20:38:36',20,'Friday',7),
(341,'SES09954397','Tablet','Bhopal',22,2,4,4,3,1771.2,'2023-06-25 23:21:26',23,'Sunday',6),
(59,'SES01043609','Mobile','Ahmedabad',31,6,2,7,2,424.2,'2023-07-03 07:31:52',7,'Monday',7),
(55,'SES07317402','Desktop','Kolkata',36,7,5,8,2,581.0,'2024-03-17 20:34:37',20,'Sunday',3),
(199,'SES09865163','Mobile','Lucknow',1,4,4,4,2,968.0,'2023-10-22 15:07:22',15,'Sunday',10),
(6,'SES04539180','Desktop','Kolkata',2,10,0,2,3,697.3,'2022-03-13 02:07:07',2,'Sunday',3),
(301,'SES06170509','Mobile','Jaipur',15,10,0,3,1,1274.2,'2023-08-19 00:28:17',0,'Saturday',8),
(158,'SES03728348','Desktop','Hyderabad',44,9,2,8,2,1322.4,'2024-01-25 23:09:02',23,'Thursday',1),
(53,'SES07596231','Mobile','Jaipur',16,5,0,4,3,979.1,'2023-05-01 03:57:05',3,'Monday',5),
(181,'SES00282522','Tablet','Hyderabad',18,2,5,7,0,57.4,'2023-04-03 07:50:22',7,'Monday',4),
(32,'SES05332200','Mobile','Surat',13,6,3,6,2,963.3,'2024-08-31 16:07:21',16,'Saturday',8),
(375,'SES07490742','Mobile','Pune',25,5,4,2,2,399.4,'2023-12-09 07:36:52',7,'Saturday',12),
(237,'SES04913982','Mobile','Bangalore',38,9,0,6,0,1170.2,'2023-03-12 17:21:43',17,'Sunday',3),
(481,'SES03868552','Mobile','Chennai',26,9,2,1,1,334.1,'2022-06-22 02:17:21',2,'Wednesday',6),
(41,'SES07633756','Mobile','Bangalore',36,8,0,8,1,905.7,'2023-01-08 17:23:37',17,'Sunday',1),
(421,'SES03912174','Tablet','Bangalore',15,8,3,7,2,1241.5,'2024-04-15 04:04:00',4,'Monday',4),
(146,'SES03997511','Desktop','Bangalore',5,9,1,0,0,719.1,'2023-10-30 12:20:11',12,'Monday',10),
(308,'SES01117562','Mobile','Surat',2,3,0,5,3,385.2,'2024-10-16 20:32:27',20,'Wednesday',10),
(369,'SES02041734','Desktop','Chennai',19,6,5,2,3,882.5,'2023-03-11 23:15:27',23,'Saturday',3),
(37,'SES09916184','Mobile','Pune',29,10,4,0,2,1684.4,'2024-12-23 12:20:08',12,'Monday',12),
(362,'SES06795752','Desktop','Hyderabad',38,9,0,6,0,896.9,'2024-03-28 05:50:50',5,'Thursday',3),
(169,'SES06089753','Mobile','Bangalore',39,0,5,3,0,350.1,'2023-12-29 00:09:30',0,'Friday',12),
(320,'SES06636416','Tablet','Kolkata',40,10,0,7,3,810.1,'2024-02-24 03:45:58',3,'Saturday',2),
(205,'SES00646329','Desktop','Lucknow',21,10,1,6,2,1174.5,'2024-12-05 12:38:53',12,'Thursday',12),
(178,'SES05814575','Tablet','Surat',6,0,2,3,2,592.5,'2024-08-07 02:27:52',2,'Wednesday',8),
(213,'SES02566991','Desktop','Lucknow',5,3,0,6,1,605.9,'2023-10-31 01:12:32',1,'Tuesday',10),
(33,'SES03950213','Mobile','Mumbai',48,4,4,5,2,426.9,'2022-11-08 13:41:47',13,'Tuesday',11),
(352,'SES09461410','Mobile','Mumbai',27,6,3,5,2,1731.5,'2023-12-12 20:10:36',20,'Tuesday',12),
(143,'SES05620875','Mobile','Bangalore',6,1,2,0,0,1637.6,'2023-02-19 14:08:19',14,'Sunday',2),
(420,'SES06292995','Desktop','Bhopal',1,3,4,8,3,358.5,'2024-11-16 02:32:37',2,'Saturday',11),
(202,'SES05171638','Tablet','Kolkata',42,4,4,7,0,1678.6,'2022-05-19 09:56:17',9,'Thursday',5),
(254,'SES01035731','Tablet','Pune',29,5,3,8,1,399.7,'2022-01-05 18:08:27',18,'Wednesday',1),
(494,'SES08443865','Mobile','Bhopal',27,0,5,7,3,943.3,'2024-07-18 01:43:19',1,'Thursday',7),
(41,'SES03611827','Tablet','Chennai',16,1,5,0,1,412.0,'2023-04-07 10:30:38',10,'Friday',4),
(417,'SES07296258','Tablet','Kolkata',38,8,2,0,3,500.2,'2024-10-24 19:00:40',19,'Thursday',10),
(344,'SES07921777','Mobile','Pune',26,1,0,4,1,847.3,'2024-08-31 12:47:49',12,'Saturday',8),
(82,'SES05847201','Tablet','Delhi',38,7,5,6,2,200.1,'2023-08-10 00:03:10',0,'Thursday',8),
(344,'SES00496904','Desktop','Mumbai',1,0,5,3,2,728.8,'2024-05-23 11:54:58',11,'Thursday',5),
(196,'SES06937974','Tablet','Bangalore',28,0,4,4,0,499.5,'2024-03-21 18:29:35',18,'Thursday',3),
(371,'SES01373694','Mobile','Pune',40,7,0,2,2,654.6,'2022-10-20 07:57:09',7,'Thursday',10),
(334,'SES09511577','Tablet','Chennai',8,4,1,8,1,947.3,'2024-05-10 09:12:25',9,'Friday',5),
(464,'SES04949834','Desktop','Bangalore',9,2,3,1,3,609.6,'2023-02-22 22:32:30',22,'Wednesday',2),
(269,'SES05183366','Desktop','Jaipur',35,5,2,7,3,968.8,'2022-08-25 23:56:21',23,'Thursday',8),
(67,'SES08753936','Tablet','Jaipur',39,8,5,1,2,1079.0,'2024-01-08 03:11:01',3,'Monday',1),
(243,'SES06828571','Mobile','Hyderabad',9,10,0,6,2,298.2,'2023-11-02 06:36:05',6,'Thursday',11),
(36,'SES04558175','Tablet','Mumbai',36,0,0,5,0,1257.0,'2022-11-05 01:02:02',1,'Saturday',11),
(43,'SES07518106','Desktop','Mumbai',29,7,4,4,1,1065.1,'2023-08-18 08:55:20',8,'Friday',8),
(485,'SES07620746','Tablet','Ahmedabad',22,10,0,7,2,795.8,'2022-12-25 00:39:17',0,'Sunday',12),
(337,'SES02989338','Desktop','Kolkata',34,8,3,7,2,1.1,'2023-10-16 23:23:11',23,'Monday',10),
(293,'SES09150193','Tablet','Ahmedabad',40,7,1,8,1,789.0,'2022-02-17 09:32:16',9,'Thursday',2),
(282,'SES09548434','Desktop','Bhopal',18,8,0,8,2,1565.2,'2022-02-08 13:08:44',13,'Tuesday',2),
(44,'SES06288787','Tablet','Delhi',21,2,2,1,2,735.9,'2023-03-23 00:14:00',0,'Thursday',3),
(293,'SES01228351','Desktop','Mumbai',16,6,0,7,1,86.6,'2022-03-11 06:06:05',6,'Friday',3),
(175,'SES05853768','Tablet','Jaipur',16,10,2,0,1,1503.6,'2023-10-26 09:22:14',9,'Thursday',10),
(203,'SES02185374','Tablet','Surat',36,3,5,2,0,47.4,'2023-11-22 01:40:10',1,'Wednesday',11),
(106,'SES01288114','Tablet','Jaipur',18,8,2,8,3,1032.6,'2024-03-06 11:52:59',11,'Wednesday',3),
(272,'SES04498316','Desktop','Pune',24,9,2,3,0,127.9,'2022-03-01 23:55:52',23,'Tuesday',3),
(60,'SES00237267','Mobile','Bangalore',49,6,0,4,3,597.9,'2022-12-29 21:17:18',21,'Thursday',12),
(4,'SES00291322','Desktop','Jaipur',23,4,4,7,2,1542.9,'2022-03-22 01:06:14',1,'Tuesday',3),
(173,'SES03817665','Desktop','Ahmedabad',1,6,0,4,1,548.3,'2022-02-05 16:49:54',16,'Saturday',2),
(305,'SES09962450','Mobile','Surat',7,7,1,7,1,398.2,'2022-10-17 05:52:10',5,'Monday',10),
(194,'SES09188240','Mobile','Ahmedabad',8,5,1,2,2,661.8,'2022-11-27 23:35:56',23,'Sunday',11),
(443,'SES03896464','Mobile','Kolkata',8,6,3,3,2,1411.3,'2022-07-30 13:08:31',13,'Saturday',7),
(314,'SES08202389','Mobile','Delhi',31,10,2,8,0,709.8,'2024-03-11 07:25:22',7,'Monday',3),
(174,'SES08496221','Mobile','Ahmedabad',2,5,1,4,2,852.7,'2024-07-27 12:46:20',12,'Saturday',7),
(192,'SES07361941','Mobile','Lucknow',39,6,1,3,2,1575.6,'2022-02-21 22:29:32',22,'Monday',2),
(491,'SES06415512','Desktop','Kolkata',17,7,3,5,3,1769.1,'2024-06-12 14:28:17',14,'Wednesday',6),
(499,'SES05781287','Tablet','Kolkata',36,1,1,7,3,1515.1,'2024-09-25 12:06:11',12,'Wednesday',9),
(343,'SES03252234','Desktop','Ahmedabad',25,3,2,4,1,646.7,'2022-02-24 22:15:31',22,'Thursday',2),
(456,'SES07303865','Desktop','Kolkata',7,0,4,0,1,1452.6,'2023-07-05 23:48:31',23,'Wednesday',7),
(430,'SES00981686','Tablet','Lucknow',46,6,3,3,2,1636.5,'2023-12-26 11:18:33',11,'Tuesday',12),
(206,'SES03928194','Desktop','Jaipur',19,5,2,0,3,1122.5,'2024-10-05 23:08:48',23,'Saturday',10),
(396,'SES05633901','Tablet','Hyderabad',27,6,5,5,2,1513.2,'2022-04-06 09:56:29',9,'Wednesday',4),
(62,'SES02890455','Desktop','Mumbai',36,1,3,7,3,1226.0,'2022-03-12 08:45:47',8,'Saturday',3),
(70,'SES04400389','Mobile','Jaipur',42,5,3,0,1,201.7,'2024-07-12 07:17:06',7,'Friday',7),
(411,'SES00897489','Desktop','Pune',40,5,0,8,1,1330.7,'2023-11-14 08:51:50',8,'Tuesday',11),
(65,'SES03459175','Mobile','Surat',50,2,0,5,3,363.3,'2023-11-17 09:01:20',9,'Friday',11),
(66,'SES03971552','Mobile','Mumbai',42,9,5,5,3,1789.8,'2022-06-05 11:42:51',11,'Sunday',6),
(164,'SES07662190','Desktop','Lucknow',25,0,5,1,0,441.7,'2022-03-24 21:03:43',21,'Thursday',3),
(7,'SES07040229','Tablet','Ahmedabad',43,6,2,7,1,80.7,'2024-03-18 03:32:24',3,'Monday',3),
(63,'SES05918344','Mobile','Hyderabad',24,6,1,4,3,1195.6,'2023-02-25 13:18:27',13,'Saturday',2),
(198,'SES00596120','Desktop','Bhopal',23,3,0,6,0,1730.2,'2023-04-08 22:18:41',22,'Saturday',4),
(92,'SES06163293','Mobile','Chennai',6,6,4,3,0,1014.2,'2022-09-19 02:22:59',2,'Monday',9),
(390,'SES03544641','Mobile','Lucknow',1,3,2,6,1,476.3,'2023-12-20 01:46:45',1,'Wednesday',12),
(139,'SES03617030','Mobile','Bangalore',47,1,1,3,1,565.1,'2024-02-14 21:46:29',21,'Wednesday',2),
(276,'SES03046648','Tablet','Lucknow',7,8,1,1,1,1722.4,'2023-01-15 13:41:39',13,'Sunday',1),
(10,'SES05203401','Desktop','Delhi',35,6,2,0,0,64.4,'2022-10-31 09:30:48',9,'Monday',10),
(194,'SES04422381','Tablet','Kolkata',6,10,4,3,0,388.4,'2023-04-06 02:04:30',2,'Thursday',4),
(396,'SES08511107','Mobile','Bangalore',3,5,3,2,0,1187.0,'2024-12-23 17:02:16',17,'Monday',12),
(104,'SES04724671','Desktop','Hyderabad',14,3,2,0,2,311.5,'2024-05-12 15:13:54',15,'Sunday',5),
(51,'SES09609124','Tablet','Chennai',5,5,0,5,2,1392.7,'2023-09-02 17:57:57',17,'Saturday',9),
(116,'SES06183054','Tablet','Mumbai',38,10,0,4,1,794.5,'2024-03-12 20:23:54',20,'Tuesday',3),
(59,'SES05088322','Tablet','Hyderabad',26,9,4,2,2,1451.6,'2023-05-26 16:37:14',16,'Friday',5),
(259,'SES08213702','Tablet','Surat',27,0,5,2,2,261.8,'2024-10-25 08:49:56',8,'Friday',10),
(409,'SES06334671','Desktop','Ahmedabad',30,7,1,2,0,1364.4,'2022-11-13 14:34:22',14,'Sunday',11),
(36,'SES06720899','Mobile','Chennai',43,3,2,3,2,1513.6,'2022-02-14 23:56:39',23,'Monday',2),
(491,'SES08263476','Mobile','Lucknow',2,9,2,8,0,320.5,'2024-09-24 01:08:47',1,'Tuesday',9),
(486,'SES00743515','Desktop','Jaipur',14,7,3,2,3,1232.0,'2024-01-19 05:48:04',5,'Friday',1),
(415,'SES03811439','Desktop','Mumbai',9,3,2,2,2,1078.3,'2022-05-26 05:35:04',5,'Thursday',5),
(238,'SES01464271','Tablet','Delhi',28,0,3,6,0,280.1,'2023-01-26 06:34:17',6,'Thursday',1),
(122,'SES08592465','Mobile','Delhi',12,2,1,7,1,1768.4,'2024-02-09 17:11:01',17,'Friday',2),
(18,'SES08376522','Desktop','Jaipur',37,4,1,8,2,133.8,'2024-09-15 22:20:58',22,'Sunday',9),
(326,'SES07606091','Desktop','Jaipur',8,7,0,3,2,1482.9,'2022-06-02 01:36:49',1,'Thursday',6),
(167,'SES02129332','Mobile','Pune',15,8,5,4,1,978.2,'2024-01-23 04:07:52',4,'Tuesday',1),
(276,'SES01670871','Mobile','Delhi',8,6,2,5,3,3.4,'2024-05-29 02:14:38',2,'Wednesday',5),
(336,'SES09048951','Mobile','Delhi',17,4,5,5,0,1423.6,'2024-11-05 03:38:52',3,'Tuesday',11),
(337,'SES03063513','Desktop','Hyderabad',25,0,0,0,0,22.3,'2024-05-17 11:19:20',11,'Friday',5),
(251,'SES07921806','Tablet','Surat',46,2,2,0,3,146.9,'2023-01-05 11:25:04',11,'Thursday',1),
(452,'SES00421833','Tablet','Surat',43,7,1,0,2,353.5,'2022-02-11 13:58:03',13,'Friday',2),
(498,'SES01964183','Mobile','Ahmedabad',10,2,0,1,0,514.8,'2023-05-09 09:36:52',9,'Tuesday',5),
(260,'SES04881553','Desktop','Mumbai',42,1,4,7,1,144.7,'2022-03-14 02:10:40',2,'Monday',3),
(40,'SES06252776','Desktop','Lucknow',31,6,1,5,0,117.7,'2024-02-11 01:01:50',1,'Sunday',2),
(116,'SES03370031','Mobile','Delhi',18,1,3,8,0,1061.1,'2024-12-03 14:32:36',14,'Tuesday',12),
(212,'SES04146624','Mobile','Lucknow',29,8,4,5,2,971.0,'2023-07-25 14:57:53',14,'Tuesday',7),
(427,'SES07655837','Tablet','Delhi',35,4,1,5,1,769.0,'2024-08-08 05:48:27',5,'Thursday',8),
(353,'SES06922807','Desktop','Chennai',6,9,4,6,3,1281.0,'2024-10-29 02:53:47',2,'Tuesday',10),
(422,'SES05223007','Tablet','Mumbai',10,8,2,6,0,1711.8,'2022-05-22 00:25:30',0,'Sunday',5),
(69,'SES01299969','Mobile','Ahmedabad',11,2,5,4,0,516.6,'2024-10-30 15:18:58',15,'Wednesday',10),
(329,'SES06031300','Mobile','Jaipur',6,7,4,3,1,498.2,'2023-02-25 22:39:37',22,'Saturday',2),
(1,'SES00508034','Tablet','Kolkata',4,8,1,4,0,179.1,'2023-06-15 01:08:47',1,'Thursday',6),
(468,'SES08747874','Mobile','Ahmedabad',29,5,3,4,2,774.5,'2022-09-20 09:48:24',9,'Tuesday',9),
(79,'SES00006070','Mobile','Jaipur',35,7,3,1,0,424.7,'2024-08-27 13:26:12',13,'Tuesday',8),
(431,'SES08758977','Desktop','Bhopal',33,6,5,7,2,675.0,'2022-09-03 00:02:02',0,'Saturday',9),
(324,'SES01235641','Mobile','Surat',46,7,2,1,2,1559.3,'2022-11-26 06:36:30',6,'Saturday',11),
(405,'SES05249084','Tablet','Mumbai',42,8,0,0,3,933.3,'2022-10-17 23:02:50',23,'Monday',10),
(367,'SES02524642','Tablet','Ahmedabad',28,9,4,2,2,79.2,'2024-02-29 18:02:10',18,'Thursday',2),
(472,'SES08828559','Tablet','Kolkata',36,1,3,7,2,1725.2,'2023-11-06 00:19:30',0,'Monday',11),
(436,'SES07523244','Tablet','Ahmedabad',17,10,1,5,1,190.4,'2022-12-07 01:18:07',1,'Wednesday',12),
(280,'SES04469191','Desktop','Hyderabad',2,3,3,6,3,1741.2,'2023-08-19 20:46:43',20,'Saturday',8),
(229,'SES04892600','Mobile','Delhi',2,4,4,4,1,636.1,'2024-08-14 04:40:10',4,'Wednesday',8),
(390,'SES00316103','Mobile','Kolkata',5,9,5,7,2,1035.1,'2024-03-02 02:18:23',2,'Saturday',3),
(85,'SES02583492','Tablet','Mumbai',40,4,0,2,1,1766.1,'2023-01-06 07:45:23',7,'Friday',1),
(191,'SES03670084','Tablet','Mumbai',0,0,2,8,2,1336.8,'2022-02-14 18:42:06',18,'Monday',2),
(70,'SES00671882','Tablet','Jaipur',43,0,0,7,2,734.6,'2023-07-02 13:45:27',13,'Sunday',7),
(482,'SES07647854','Tablet','Lucknow',32,5,4,1,2,743.8,'2024-10-01 06:43:51',6,'Tuesday',10),
(497,'SES02317379','Tablet','Bhopal',11,1,3,1,0,800.1,'2023-11-05 06:44:28',6,'Sunday',11),
(348,'SES09805403','Mobile','Jaipur',42,3,1,1,2,1525.9,'2024-01-11 05:40:26',5,'Thursday',1);

COMMIT;

-- ── Verification ─────────────────────────────────────────────
SELECT 'users'            AS table_name, COUNT(*) AS rows FROM users
UNION ALL SELECT 'sellers',              COUNT(*) FROM sellers
UNION ALL SELECT 'products',             COUNT(*) FROM products
UNION ALL SELECT 'orders',               COUNT(*) FROM orders
UNION ALL SELECT 'order_items',          COUNT(*) FROM order_items
UNION ALL SELECT 'behavior_events',      COUNT(*) FROM behavior_events;